PostgresqlProperties,SimpleCORSFilter,0.0
PostgresqlProperties,MongoDBProperties,0.5042963865877478
PostgresqlProperties,MongoQuoteRepository,0.0
PostgresqlProperties,BadRequestException,0.0
PostgresqlProperties,QuoteDetails,0.0
PostgresqlProperties,Quote,0.0
PostgresqlProperties,DealerInfo,0.0
PostgresqlProperties,MongoOperationsWithRetry,0.04393556239398499
PostgresqlProperties,Order,0.0
PostgresqlProperties,OrderStatus,0.0
PostgresqlProperties,OrderUpdateInfo,0.0
PostgresqlProperties,ShipmentRecord,0.0
PostgresqlProperties,PhoneInfo,0.0
PostgresqlProperties,DeliveryAddress,0.0
PostgresqlProperties,ShipmentEventInfo,0.0
PostgresqlProperties,OrderDetails,0.0
PostgresqlProperties,OrderEventInfo,0.0
PostgresqlProperties,QuoteItemInfo,0.0
PostgresqlProperties,ShipmentDetails,0.0
PostgresqlProperties,PingController,0.3241905342349807
PostgresqlProperties,OrderingServiceProperties,0.5177865214712801
PostgresqlProperties,PropertyHelper,0.09665494296151861
PostgresqlProperties,Utility,0.0
PostgresqlProperties,MongoDealersRepository,0.0
PostgresqlProperties,Dealer,0.0
PostgresqlProperties,CatalogItem,0.0
PostgresqlProperties,CatalogItem,0.0
PostgresqlProperties,OrderingInitializer,0.0
PostgresqlProperties,OrderingConfiguration,0.12770490785184924
PostgresqlProperties,RepositoryFactory,0.0
PostgresqlProperties,MongoCatalogItemsRepository,0.0
PostgresqlProperties,OrderController,0.0
PostgresqlProperties,ConflictingRequestException,0.0
PostgresqlProperties,MongoShipmentRepository,0.0
PostgresqlProperties,Delivery,0.0
PostgresqlProperties,AppInsightsFilter,0.0
PostgresqlProperties,DealerController,0.0
PostgresqlProperties,QuoteController,0.0
PostgresqlProperties,MongoOrderRepository,0.0
PostgresqlProperties,CatalogController,0.0
PostgresqlProperties,ShipmentController,0.0
PostgresqlProperties,TestPath,0.0
PostgresqlProperties,DealersRepository,0.0
PostgresqlProperties,QuoteRepository,0.0
PostgresqlProperties,OrderRepository,0.0
PostgresqlProperties,CatalogItemsRepository,0.0
PostgresqlProperties,ShipmentRepository,0.0
SimpleCORSFilter,MongoDBProperties,0.0
SimpleCORSFilter,MongoQuoteRepository,0.0
SimpleCORSFilter,BadRequestException,0.13006649542861798
SimpleCORSFilter,QuoteDetails,0.0
SimpleCORSFilter,Quote,0.0
SimpleCORSFilter,DealerInfo,0.0
SimpleCORSFilter,MongoOperationsWithRetry,0.0
SimpleCORSFilter,Order,0.0
SimpleCORSFilter,OrderStatus,0.0
SimpleCORSFilter,OrderUpdateInfo,0.0
SimpleCORSFilter,ShipmentRecord,0.0
SimpleCORSFilter,PhoneInfo,0.0
SimpleCORSFilter,DeliveryAddress,0.0
SimpleCORSFilter,ShipmentEventInfo,0.0
SimpleCORSFilter,OrderDetails,0.0
SimpleCORSFilter,OrderEventInfo,0.0
SimpleCORSFilter,QuoteItemInfo,0.0
SimpleCORSFilter,ShipmentDetails,0.0
SimpleCORSFilter,PingController,0.0
SimpleCORSFilter,OrderingServiceProperties,0.0
SimpleCORSFilter,PropertyHelper,0.0
SimpleCORSFilter,Utility,0.0
SimpleCORSFilter,MongoDealersRepository,0.0
SimpleCORSFilter,Dealer,0.0
SimpleCORSFilter,CatalogItem,0.0
SimpleCORSFilter,CatalogItem,0.0
SimpleCORSFilter,OrderingInitializer,0.10585122480499262
SimpleCORSFilter,OrderingConfiguration,0.0
SimpleCORSFilter,RepositoryFactory,0.004807914572194296
SimpleCORSFilter,MongoCatalogItemsRepository,0.0
SimpleCORSFilter,OrderController,0.05309942440535915
SimpleCORSFilter,ConflictingRequestException,0.13006649542861798
SimpleCORSFilter,MongoShipmentRepository,0.0
SimpleCORSFilter,Delivery,0.0
SimpleCORSFilter,AppInsightsFilter,0.3380617018914066
SimpleCORSFilter,DealerController,0.0
SimpleCORSFilter,QuoteController,0.010965861582662816
SimpleCORSFilter,MongoOrderRepository,0.0
SimpleCORSFilter,CatalogController,0.0
SimpleCORSFilter,ShipmentController,0.008616848278232258
SimpleCORSFilter,TestPath,0.0
SimpleCORSFilter,DealersRepository,0.0
SimpleCORSFilter,QuoteRepository,0.0
SimpleCORSFilter,OrderRepository,0.0
SimpleCORSFilter,CatalogItemsRepository,0.0
SimpleCORSFilter,ShipmentRepository,0.0
MongoDBProperties,MongoQuoteRepository,0.0
MongoDBProperties,BadRequestException,0.0
MongoDBProperties,QuoteDetails,0.0
MongoDBProperties,Quote,0.0
MongoDBProperties,DealerInfo,0.0
MongoDBProperties,MongoOperationsWithRetry,0.0
MongoDBProperties,Order,0.0
MongoDBProperties,OrderStatus,0.0
MongoDBProperties,OrderUpdateInfo,0.0
MongoDBProperties,ShipmentRecord,0.0
MongoDBProperties,PhoneInfo,0.0
MongoDBProperties,DeliveryAddress,0.0
MongoDBProperties,ShipmentEventInfo,0.0
MongoDBProperties,OrderDetails,0.0
MongoDBProperties,OrderEventInfo,0.0
MongoDBProperties,QuoteItemInfo,0.0
MongoDBProperties,ShipmentDetails,0.0
MongoDBProperties,PingController,0.3888888888888889
MongoDBProperties,OrderingServiceProperties,0.6211206181321062
MongoDBProperties,PropertyHelper,0.11594426549998908
MongoDBProperties,Utility,0.0
MongoDBProperties,MongoDealersRepository,0.0
MongoDBProperties,Dealer,0.0
MongoDBProperties,CatalogItem,0.0
MongoDBProperties,CatalogItem,0.0
MongoDBProperties,OrderingInitializer,0.0
MongoDBProperties,OrderingConfiguration,0.15319083833634298
MongoDBProperties,RepositoryFactory,0.0
MongoDBProperties,MongoCatalogItemsRepository,0.0
MongoDBProperties,OrderController,0.0
MongoDBProperties,ConflictingRequestException,0.0
MongoDBProperties,MongoShipmentRepository,0.0
MongoDBProperties,Delivery,0.0
MongoDBProperties,AppInsightsFilter,0.0
MongoDBProperties,DealerController,0.0
MongoDBProperties,QuoteController,0.0
MongoDBProperties,MongoOrderRepository,0.0
MongoDBProperties,CatalogController,0.0
MongoDBProperties,ShipmentController,0.0
MongoDBProperties,TestPath,0.0
MongoDBProperties,DealersRepository,0.0
MongoDBProperties,QuoteRepository,0.0
MongoDBProperties,OrderRepository,0.0
MongoDBProperties,CatalogItemsRepository,0.0
MongoDBProperties,ShipmentRepository,0.0
MongoQuoteRepository,BadRequestException,0.0
MongoQuoteRepository,QuoteDetails,0.8171514378261974
MongoQuoteRepository,Quote,0.8264426949642254
MongoQuoteRepository,DealerInfo,0.14904154522405552
MongoQuoteRepository,MongoOperationsWithRetry,0.2633318704736236
MongoQuoteRepository,Order,0.4125322303395421
MongoQuoteRepository,OrderStatus,0.0
MongoQuoteRepository,OrderUpdateInfo,0.019963833873403784
MongoQuoteRepository,ShipmentRecord,0.012869314444578221
MongoQuoteRepository,PhoneInfo,0.0
MongoQuoteRepository,DeliveryAddress,0.0
MongoQuoteRepository,ShipmentEventInfo,0.0
MongoQuoteRepository,OrderDetails,0.36044428328636224
MongoQuoteRepository,OrderEventInfo,0.0
MongoQuoteRepository,QuoteItemInfo,0.45525730202237197
MongoQuoteRepository,ShipmentDetails,0.24435247612251879
MongoQuoteRepository,PingController,0.0
MongoQuoteRepository,OrderingServiceProperties,0.0
MongoQuoteRepository,PropertyHelper,0.022362426907850116
MongoQuoteRepository,Utility,0.026518576139190998
MongoQuoteRepository,MongoDealersRepository,0.4186619173792871
MongoQuoteRepository,Dealer,0.44505613015921225
MongoQuoteRepository,CatalogItem,0.0
MongoQuoteRepository,CatalogItem,0.227212925637099
MongoQuoteRepository,OrderingInitializer,0.0
MongoQuoteRepository,OrderingConfiguration,0.004924375964140971
MongoQuoteRepository,RepositoryFactory,0.39404970744791873
MongoQuoteRepository,MongoCatalogItemsRepository,0.18054707586791174
MongoQuoteRepository,OrderController,0.06673695310333783
MongoQuoteRepository,ConflictingRequestException,0.0
MongoQuoteRepository,MongoShipmentRepository,0.23462865201228297
MongoQuoteRepository,Delivery,0.3118450540792123
MongoQuoteRepository,AppInsightsFilter,0.0
MongoQuoteRepository,DealerController,0.2000408288255759
MongoQuoteRepository,QuoteController,0.7942913617346812
MongoQuoteRepository,MongoOrderRepository,0.5883447896358462
MongoQuoteRepository,CatalogController,0.0022214818516462106
MongoQuoteRepository,ShipmentController,0.041039674082670424
MongoQuoteRepository,TestPath,0.012500976676955822
MongoQuoteRepository,DealersRepository,0.3911192527564031
MongoQuoteRepository,QuoteRepository,0.981913259832864
MongoQuoteRepository,OrderRepository,0.5307437420409433
MongoQuoteRepository,CatalogItemsRepository,0.14845223390010573
MongoQuoteRepository,ShipmentRepository,0.20559823783054657
BadRequestException,QuoteDetails,0.0
BadRequestException,Quote,0.0
BadRequestException,DealerInfo,0.0
BadRequestException,MongoOperationsWithRetry,0.0
BadRequestException,Order,0.0
BadRequestException,OrderStatus,0.0
BadRequestException,OrderUpdateInfo,0.0
BadRequestException,ShipmentRecord,0.0
BadRequestException,PhoneInfo,0.0
BadRequestException,DeliveryAddress,0.0
BadRequestException,ShipmentEventInfo,0.0
BadRequestException,OrderDetails,0.0
BadRequestException,OrderEventInfo,0.0
BadRequestException,QuoteItemInfo,0.0
BadRequestException,ShipmentDetails,0.0
BadRequestException,PingController,0.0
BadRequestException,OrderingServiceProperties,0.1127431720332507
BadRequestException,PropertyHelper,0.0
BadRequestException,Utility,0.0
BadRequestException,MongoDealersRepository,0.0
BadRequestException,Dealer,0.0
BadRequestException,CatalogItem,0.0
BadRequestException,CatalogItem,0.0
BadRequestException,OrderingInitializer,0.0
BadRequestException,OrderingConfiguration,0.0
BadRequestException,RepositoryFactory,0.0
BadRequestException,MongoCatalogItemsRepository,0.0
BadRequestException,OrderController,0.32230128194515495
BadRequestException,ConflictingRequestException,0.5263157894736841
BadRequestException,MongoShipmentRepository,0.0
BadRequestException,Delivery,0.0
BadRequestException,AppInsightsFilter,0.1025978352085154
BadRequestException,DealerController,0.0
BadRequestException,QuoteController,0.07987230638308716
BadRequestException,MongoOrderRepository,0.0
BadRequestException,CatalogController,0.0
BadRequestException,ShipmentController,0.06276274240262829
BadRequestException,TestPath,0.0
BadRequestException,DealersRepository,0.0
BadRequestException,QuoteRepository,0.0
BadRequestException,OrderRepository,0.0
BadRequestException,CatalogItemsRepository,0.0
BadRequestException,ShipmentRepository,0.0
QuoteDetails,Quote,0.6727539096993965
QuoteDetails,DealerInfo,0.04757821083829948
QuoteDetails,MongoOperationsWithRetry,0.2252063874853166
QuoteDetails,Order,0.3358316285671304
QuoteDetails,OrderStatus,0.0
QuoteDetails,OrderUpdateInfo,0.0
QuoteDetails,ShipmentRecord,0.008458148335273362
QuoteDetails,PhoneInfo,0.0
QuoteDetails,DeliveryAddress,0.014574782013720772
QuoteDetails,ShipmentEventInfo,0.0
QuoteDetails,OrderDetails,0.7652544597005865
QuoteDetails,OrderEventInfo,0.0
QuoteDetails,QuoteItemInfo,0.38172004047104713
QuoteDetails,ShipmentDetails,0.5514129623149234
QuoteDetails,PingController,0.0
QuoteDetails,OrderingServiceProperties,0.0
QuoteDetails,PropertyHelper,0.014697342639179233
QuoteDetails,Utility,0.017428904359393746
QuoteDetails,MongoDealersRepository,0.28083213609067936
QuoteDetails,Dealer,0.33638181738534917
QuoteDetails,CatalogItem,0.01632366453442252
QuoteDetails,CatalogItem,0.2450576619498024
QuoteDetails,OrderingInitializer,0.0
QuoteDetails,OrderingConfiguration,0.0
QuoteDetails,RepositoryFactory,0.38439817507985474
QuoteDetails,MongoCatalogItemsRepository,0.18552653135087696
QuoteDetails,OrderController,0.018468118217767213
QuoteDetails,ConflictingRequestException,0.0
QuoteDetails,MongoShipmentRepository,0.25899771895186896
QuoteDetails,Delivery,0.2515358137102798
QuoteDetails,AppInsightsFilter,0.0
QuoteDetails,DealerController,0.06260647262929374
QuoteDetails,QuoteController,0.6321630813936093
QuoteDetails,MongoOrderRepository,0.5538930835661741
QuoteDetails,CatalogController,0.010220230591443936
QuoteDetails,ShipmentController,0.03034424320596444
QuoteDetails,TestPath,0.0
QuoteDetails,DealersRepository,0.2590494779790781
QuoteDetails,QuoteRepository,0.8070378052302857
QuoteDetails,OrderRepository,0.479376255739845
QuoteDetails,CatalogItemsRepository,0.16409134144838528
QuoteDetails,ShipmentRepository,0.2012516524715244
Quote,DealerInfo,0.07197523419564976
Quote,MongoOperationsWithRetry,0.03294199778789472
Quote,Order,0.49871663591022447
Quote,OrderStatus,0.0
Quote,OrderUpdateInfo,0.0
Quote,ShipmentRecord,0.012795294244288649
Quote,PhoneInfo,0.0
Quote,DeliveryAddress,0.046852846647614264
Quote,ShipmentEventInfo,0.0
Quote,OrderDetails,0.05133968327962549
Quote,OrderEventInfo,0.0
Quote,QuoteItemInfo,0.59871769462478
Quote,ShipmentDetails,0.005617272565526434
Quote,PingController,0.0
Quote,OrderingServiceProperties,0.0
Quote,PropertyHelper,0.022233805346398
Quote,Utility,0.0263660497302925
Quote,MongoDealersRepository,0.08153427050081422
Quote,Dealer,0.06637444634446708
Quote,CatalogItem,0.07655161106303285
Quote,CatalogItem,0.07023361767178768
Quote,OrderingInitializer,0.0
Quote,OrderingConfiguration,0.0
Quote,RepositoryFactory,0.033676284971098765
Quote,MongoCatalogItemsRepository,0.07550759688506899
Quote,OrderController,0.02793814879660679
Quote,ConflictingRequestException,0.0
Quote,MongoShipmentRepository,0.0
Quote,Delivery,0.35937778295737854
Quote,AppInsightsFilter,0.0
Quote,DealerController,0.09470964650124301
Quote,QuoteController,0.9043949358136265
Quote,MongoOrderRepository,0.11659691974032059
Quote,CatalogController,0.049695853390857976
Quote,ShipmentController,0.04335385362435699
Quote,TestPath,0.0
Quote,DealersRepository,0.09043480449084382
Quote,QuoteRepository,0.8722021304889731
Quote,OrderRepository,0.1033780757000327
Quote,CatalogItemsRepository,0.07715370067715861
Quote,ShipmentRepository,0.0
DealerInfo,MongoOperationsWithRetry,0.029803600950895143
DealerInfo,Order,0.08515994337054894
DealerInfo,OrderStatus,0.0
DealerInfo,OrderUpdateInfo,0.5275108492056639
DealerInfo,ShipmentRecord,0.12176271831916723
DealerInfo,PhoneInfo,0.45058218369650466
DealerInfo,DeliveryAddress,0.07385565756320969
DealerInfo,ShipmentEventInfo,0.44468066542358786
DealerInfo,OrderDetails,0.0
DealerInfo,OrderEventInfo,0.5839891592499221
DealerInfo,QuoteItemInfo,0.37591909875593477
DealerInfo,ShipmentDetails,0.03100398718111697
DealerInfo,PingController,0.0
DealerInfo,OrderingServiceProperties,0.0
DealerInfo,PropertyHelper,0.021158158037397776
DealerInfo,Utility,0.025090488934490635
DealerInfo,MongoDealersRepository,0.6435864020805362
DealerInfo,Dealer,0.6358441167454276
DealerInfo,CatalogItem,0.0
DealerInfo,CatalogItem,0.0
DealerInfo,OrderingInitializer,0.0
DealerInfo,OrderingConfiguration,0.0
DealerInfo,RepositoryFactory,0.034664992034931924
DealerInfo,MongoCatalogItemsRepository,0.0
DealerInfo,OrderController,0.3961393202239181
DealerInfo,ConflictingRequestException,0.0
DealerInfo,MongoShipmentRepository,0.07064539808099021
DealerInfo,Delivery,0.0
DealerInfo,AppInsightsFilter,0.0
DealerInfo,DealerController,0.8057416099424617
DealerInfo,QuoteController,0.0955353014165975
DealerInfo,MongoOrderRepository,0.15195342171430998
DealerInfo,CatalogController,0.08071103501691602
DealerInfo,ShipmentController,0.06212734699127825
DealerInfo,TestPath,0.0
DealerInfo,DealersRepository,0.6838874875381749
DealerInfo,QuoteRepository,0.11107582573978797
DealerInfo,OrderRepository,0.23727886437525197
DealerInfo,CatalogItemsRepository,0.0
DealerInfo,ShipmentRepository,0.11919909016123195
MongoOperationsWithRetry,Order,0.016004819892265678
MongoOperationsWithRetry,OrderStatus,0.0
MongoOperationsWithRetry,OrderUpdateInfo,0.08724277991232003
MongoOperationsWithRetry,ShipmentRecord,0.0191126210029995
MongoOperationsWithRetry,PhoneInfo,0.0
MongoOperationsWithRetry,DeliveryAddress,0.0
MongoOperationsWithRetry,ShipmentEventInfo,0.002785751797536101
MongoOperationsWithRetry,OrderDetails,0.2693473247984874
MongoOperationsWithRetry,OrderEventInfo,0.0033770450294964643
MongoOperationsWithRetry,QuoteItemInfo,0.0032027826835293927
MongoOperationsWithRetry,ShipmentDetails,0.21101995839007284
MongoOperationsWithRetry,PingController,0.0
MongoOperationsWithRetry,OrderingServiceProperties,0.0
MongoOperationsWithRetry,PropertyHelper,0.031302452802487966
MongoOperationsWithRetry,Utility,0.03983625070476624
MongoOperationsWithRetry,MongoDealersRepository,0.24372653127397662
MongoOperationsWithRetry,Dealer,0.25653614302935396
MongoOperationsWithRetry,CatalogItem,0.0
MongoOperationsWithRetry,CatalogItem,0.19333490541977436
MongoOperationsWithRetry,OrderingInitializer,0.0
MongoOperationsWithRetry,OrderingConfiguration,0.0006724914587570353
MongoOperationsWithRetry,RepositoryFactory,0.3060691408581902
MongoOperationsWithRetry,MongoCatalogItemsRepository,0.16633146379430208
MongoOperationsWithRetry,OrderController,0.0676343711728104
MongoOperationsWithRetry,ConflictingRequestException,0.0
MongoOperationsWithRetry,MongoShipmentRepository,0.21614923584748888
MongoOperationsWithRetry,Delivery,0.0
MongoOperationsWithRetry,AppInsightsFilter,0.0
MongoOperationsWithRetry,DealerController,0.053661013795828987
MongoOperationsWithRetry,QuoteController,0.03506747953482353
MongoOperationsWithRetry,MongoOrderRepository,0.44787798411009033
MongoOperationsWithRetry,CatalogController,0.003943861834398708
MongoOperationsWithRetry,ShipmentController,0.008406800321017767
MongoOperationsWithRetry,TestPath,0.0
MongoOperationsWithRetry,DealersRepository,0.2070260797954449
MongoOperationsWithRetry,QuoteRepository,0.2289909489720433
MongoOperationsWithRetry,OrderRepository,0.407331249423804
MongoOperationsWithRetry,CatalogItemsRepository,0.12839693402140695
MongoOperationsWithRetry,ShipmentRepository,0.18309967729381887
Order,OrderStatus,0.6024144966768742
Order,OrderUpdateInfo,0.3085078730410899
Order,ShipmentRecord,0.06166064724427774
Order,PhoneInfo,0.06654091379317625
Order,DeliveryAddress,0.01847851237465883
Order,ShipmentEventInfo,0.21757131728816848
Order,OrderDetails,0.08774175266285632
Order,OrderEventInfo,0.2719944452757621
Order,QuoteItemInfo,0.36325774705899416
Order,ShipmentDetails,0.0
Order,PingController,0.3125
Order,OrderingServiceProperties,0.0
Order,PropertyHelper,0.0
Order,Utility,0.0
Order,MongoDealersRepository,0.00719294172060545
Order,Dealer,0.012361704410853719
Order,CatalogItem,0.0
Order,CatalogItem,0.0
Order,OrderingInitializer,0.0
Order,OrderingConfiguration,0.0
Order,RepositoryFactory,0.012720546282869609
Order,MongoCatalogItemsRepository,0.0
Order,OrderController,0.22243913025065232
Order,ConflictingRequestException,0.0
Order,MongoShipmentRepository,0.05616821679789803
Order,Delivery,0.18898223650461363
Order,AppInsightsFilter,0.0
Order,DealerController,0.031750031750047626
Order,QuoteController,0.47871355387816905
Order,MongoOrderRepository,0.23187453625139126
Order,CatalogController,0.014808721943977308
Order,ShipmentController,0.09119215051751065
Order,TestPath,0.0
Order,DealersRepository,0.010105651043180541
Order,QuoteRepository,0.431576503236327
Order,OrderRepository,0.32069728183341756
Order,CatalogItemsRepository,0.0
Order,ShipmentRepository,0.09477192457196819
OrderStatus,OrderUpdateInfo,0.32651226488779495
OrderStatus,ShipmentRecord,0.015504111766719385
OrderStatus,PhoneInfo,0.0
OrderStatus,DeliveryAddress,0.052244890046588756
OrderStatus,ShipmentEventInfo,0.0
OrderStatus,OrderDetails,0.05204372063304996
OrderStatus,OrderEventInfo,0.0
OrderStatus,QuoteItemInfo,0.0
OrderStatus,ShipmentDetails,0.0030250990027116164
OrderStatus,PingController,0.4819315973414993
OrderStatus,OrderingServiceProperties,0.0
OrderStatus,PropertyHelper,0.011973686801784992
OrderStatus,Utility,0.0
OrderStatus,MongoDealersRepository,0.0
OrderStatus,Dealer,0.0
OrderStatus,CatalogItem,0.0
OrderStatus,CatalogItem,0.0
OrderStatus,OrderingInitializer,0.0
OrderStatus,OrderingConfiguration,0.0
OrderStatus,RepositoryFactory,0.0
OrderStatus,MongoCatalogItemsRepository,0.0
OrderStatus,OrderController,0.27082217773377015
OrderStatus,ConflictingRequestException,0.0
OrderStatus,MongoShipmentRepository,0.06663197154765449
OrderStatus,Delivery,0.06071767407189163
OrderStatus,AppInsightsFilter,0.0
OrderStatus,DealerController,0.0
OrderStatus,QuoteController,0.0
OrderStatus,MongoOrderRepository,0.255423235745034
OrderStatus,CatalogController,0.0
OrderStatus,ShipmentController,0.08789675752782067
OrderStatus,TestPath,0.0
OrderStatus,DealersRepository,0.0
OrderStatus,QuoteRepository,0.0
OrderStatus,OrderRepository,0.39884942786337013
OrderStatus,CatalogItemsRepository,0.0
OrderStatus,ShipmentRepository,0.11242728613439193
OrderUpdateInfo,ShipmentRecord,0.05085719141765916
OrderUpdateInfo,PhoneInfo,0.41217798594847777
OrderUpdateInfo,DeliveryAddress,0.0
OrderUpdateInfo,ShipmentEventInfo,0.5185539401282443
OrderUpdateInfo,OrderDetails,0.018290982847556564
OrderUpdateInfo,OrderEventInfo,0.6828666732179215
OrderUpdateInfo,QuoteItemInfo,0.4272431269870787
OrderUpdateInfo,ShipmentDetails,0.0
OrderUpdateInfo,PingController,0.16937687147353955
OrderUpdateInfo,OrderingServiceProperties,0.0
OrderUpdateInfo,PropertyHelper,0.0
OrderUpdateInfo,Utility,0.0
OrderUpdateInfo,MongoDealersRepository,0.04455562844626833
OrderUpdateInfo,Dealer,0.07657277510184438
OrderUpdateInfo,CatalogItem,0.0
OrderUpdateInfo,CatalogItem,0.0
OrderUpdateInfo,OrderingInitializer,0.0
OrderUpdateInfo,OrderingConfiguration,0.0
OrderUpdateInfo,RepositoryFactory,0.0
OrderUpdateInfo,MongoCatalogItemsRepository,0.0
OrderUpdateInfo,OrderController,0.534829857331462
OrderUpdateInfo,ConflictingRequestException,0.0
OrderUpdateInfo,MongoShipmentRepository,0.12210858358430068
OrderUpdateInfo,Delivery,0.0
OrderUpdateInfo,AppInsightsFilter,0.0
OrderUpdateInfo,DealerController,0.23047375915751214
OrderUpdateInfo,QuoteController,0.12074698444253339
OrderUpdateInfo,MongoOrderRepository,0.2564844638343738
OrderUpdateInfo,CatalogController,0.09173046832978027
OrderUpdateInfo,ShipmentController,0.1257732779976006
OrderUpdateInfo,TestPath,0.0
OrderUpdateInfo,DealersRepository,0.06259798154595589
OrderUpdateInfo,QuoteRepository,0.030631994556809476
OrderUpdateInfo,OrderRepository,0.40050656064156503
OrderUpdateInfo,CatalogItemsRepository,0.0
OrderUpdateInfo,ShipmentRepository,0.20603227470583133
ShipmentRecord,PhoneInfo,0.20031506007363709
ShipmentRecord,DeliveryAddress,0.19530255927926018
ShipmentRecord,ShipmentEventInfo,0.49696005153927625
ShipmentRecord,OrderDetails,0.005790194792817713
ShipmentRecord,OrderEventInfo,0.09899296952652431
ShipmentRecord,QuoteItemInfo,0.0355026298648588
ShipmentRecord,ShipmentDetails,0.5250359343473111
ShipmentRecord,PingController,0.0
ShipmentRecord,OrderingServiceProperties,0.0
ShipmentRecord,PropertyHelper,0.012788628292159083
ShipmentRecord,Utility,0.015165447582184483
ShipmentRecord,MongoDealersRepository,0.013575612835928792
ShipmentRecord,Dealer,0.03923831056080735
ShipmentRecord,CatalogItem,0.0
ShipmentRecord,CatalogItem,0.0
ShipmentRecord,OrderingInitializer,0.0
ShipmentRecord,OrderingConfiguration,0.0
ShipmentRecord,RepositoryFactory,0.032738384018192616
ShipmentRecord,MongoCatalogItemsRepository,0.0
ShipmentRecord,OrderController,0.032139401651163496
ShipmentRecord,ConflictingRequestException,0.0
ShipmentRecord,MongoShipmentRepository,0.6271592963336453
ShipmentRecord,Delivery,0.6241829986657494
ShipmentRecord,AppInsightsFilter,0.0
ShipmentRecord,DealerController,0.032685537520433613
ShipmentRecord,QuoteController,0.017422883839760046
ShipmentRecord,MongoOrderRepository,0.011366983540652941
ShipmentRecord,CatalogController,0.007622528388948979
ShipmentRecord,ShipmentController,0.7060490768163954
ShipmentRecord,TestPath,0.0
ShipmentRecord,DealersRepository,0.01907292055824849
ShipmentRecord,QuoteRepository,0.019746345943169152
ShipmentRecord,OrderRepository,0.01774981382761657
ShipmentRecord,CatalogItemsRepository,0.0
ShipmentRecord,ShipmentRepository,0.6466765430178467
PhoneInfo,DeliveryAddress,0.0
PhoneInfo,ShipmentEventInfo,0.3474574624209556
PhoneInfo,OrderDetails,0.0
PhoneInfo,OrderEventInfo,0.45630810406618116
PhoneInfo,QuoteItemInfo,0.32043234524030906
PhoneInfo,ShipmentDetails,0.058323218539886805
PhoneInfo,PingController,0.0
PhoneInfo,OrderingServiceProperties,0.0
PhoneInfo,PropertyHelper,0.0
PhoneInfo,Utility,0.0
PhoneInfo,MongoDealersRepository,0.030631994556809476
PhoneInfo,Dealer,0.09093017043344019
PhoneInfo,CatalogItem,0.03204930668645004
PhoneInfo,CatalogItem,0.009397218015823904
PhoneInfo,OrderingInitializer,0.0
PhoneInfo,OrderingConfiguration,0.0
PhoneInfo,RepositoryFactory,0.00615590380807662
PhoneInfo,MongoCatalogItemsRepository,0.0
PhoneInfo,OrderController,0.19942808239478244
PhoneInfo,ConflictingRequestException,0.0
PhoneInfo,MongoShipmentRepository,0.0551997706613962
PhoneInfo,Delivery,0.0
PhoneInfo,AppInsightsFilter,0.0
PhoneInfo,DealerController,0.1352112720390738
PhoneInfo,QuoteController,0.06177752692408685
PhoneInfo,MongoOrderRepository,0.056426582043562226
PhoneInfo,CatalogController,0.06306469697672393
PhoneInfo,ShipmentController,0.04854407220960023
PhoneInfo,TestPath,0.0
PhoneInfo,DealersRepository,0.043036112312844675
PhoneInfo,QuoteRepository,0.0
PhoneInfo,OrderRepository,0.0881114433411443
PhoneInfo,CatalogItemsRepository,0.0
PhoneInfo,ShipmentRepository,0.09313787760674566
DeliveryAddress,ShipmentEventInfo,0.0
DeliveryAddress,OrderDetails,0.0
DeliveryAddress,OrderEventInfo,0.0
DeliveryAddress,QuoteItemInfo,0.005437944525950632
DeliveryAddress,ShipmentDetails,0.04899424908078125
DeliveryAddress,PingController,0.0
DeliveryAddress,OrderingServiceProperties,0.0
DeliveryAddress,PropertyHelper,0.0
DeliveryAddress,Utility,0.0052265125625443175
DeliveryAddress,MongoDealersRepository,0.0
DeliveryAddress,Dealer,0.03216236783623918
DeliveryAddress,CatalogItem,0.0
DeliveryAddress,CatalogItem,0.0
DeliveryAddress,OrderingInitializer,0.0
DeliveryAddress,OrderingConfiguration,0.0
DeliveryAddress,RepositoryFactory,0.0
DeliveryAddress,MongoCatalogItemsRepository,0.0
DeliveryAddress,OrderController,0.0
DeliveryAddress,ConflictingRequestException,0.0
DeliveryAddress,MongoShipmentRepository,0.0
DeliveryAddress,Delivery,0.4916891718944416
DeliveryAddress,AppInsightsFilter,0.0
DeliveryAddress,DealerController,0.0
DeliveryAddress,QuoteController,0.0
DeliveryAddress,MongoOrderRepository,0.0
DeliveryAddress,CatalogController,0.0
DeliveryAddress,ShipmentController,0.0
DeliveryAddress,TestPath,0.0
DeliveryAddress,DealersRepository,0.0
DeliveryAddress,QuoteRepository,0.0
DeliveryAddress,OrderRepository,0.0
DeliveryAddress,CatalogItemsRepository,0.0
DeliveryAddress,ShipmentRepository,0.0
ShipmentEventInfo,OrderDetails,0.01468468362156178
ShipmentEventInfo,OrderEventInfo,0.7567635174565623
ShipmentEventInfo,QuoteItemInfo,0.3601570627264907
ShipmentEventInfo,ShipmentDetails,0.4179047031670259
ShipmentEventInfo,PingController,0.0
ShipmentEventInfo,OrderingServiceProperties,0.0
ShipmentEventInfo,PropertyHelper,0.0
ShipmentEventInfo,Utility,0.0
ShipmentEventInfo,MongoDealersRepository,0.03755946732789967
ShipmentEventInfo,Dealer,0.06454925550231375
ShipmentEventInfo,CatalogItem,0.0
ShipmentEventInfo,CatalogItem,0.0
ShipmentEventInfo,OrderingInitializer,0.0
ShipmentEventInfo,OrderingConfiguration,0.0
ShipmentEventInfo,RepositoryFactory,0.03321151213666867
ShipmentEventInfo,MongoCatalogItemsRepository,0.0
ShipmentEventInfo,OrderController,0.24452905053508503
ShipmentEventInfo,ConflictingRequestException,0.0
ShipmentEventInfo,MongoShipmentRepository,0.6317106493227526
ShipmentEventInfo,Delivery,0.2467026848422379
ShipmentEventInfo,AppInsightsFilter,0.0
ShipmentEventInfo,DealerController,0.1657895095631768
ShipmentEventInfo,QuoteController,0.07574860983343554
ShipmentEventInfo,MongoOrderRepository,0.06918754052269491
ShipmentEventInfo,CatalogController,0.07732687537692841
ShipmentEventInfo,ShipmentController,0.6547462783763789
ShipmentEventInfo,TestPath,0.0
ShipmentEventInfo,DealersRepository,0.052768795428464264
ShipmentEventInfo,QuoteRepository,0.0
ShipmentEventInfo,OrderRepository,0.10803798202719746
ShipmentEventInfo,CatalogItemsRepository,0.0
ShipmentEventInfo,ShipmentRepository,0.6852069128843911
OrderDetails,OrderEventInfo,0.017801599509972385
OrderDetails,QuoteItemInfo,0.029793531197180156
OrderDetails,ShipmentDetails,0.7442853434099469
OrderDetails,PingController,0.02699746235780194
OrderDetails,OrderingServiceProperties,0.0
OrderDetails,PropertyHelper,0.0
OrderDetails,Utility,0.0
OrderDetails,MongoDealersRepository,0.29827764225624387
OrderDetails,Dealer,0.38446231623586274
OrderDetails,CatalogItem,0.0
OrderDetails,CatalogItem,0.30196643230290987
OrderDetails,OrderingInitializer,0.0
OrderDetails,OrderingConfiguration,0.0
OrderDetails,RepositoryFactory,0.4794177673416598
OrderDetails,MongoCatalogItemsRepository,0.2228083229250134
OrderDetails,OrderController,0.015171264115816898
OrderDetails,ConflictingRequestException,0.0
OrderDetails,MongoShipmentRepository,0.3471387978822605
OrderDetails,Delivery,0.02040816326530612
OrderDetails,AppInsightsFilter,0.0
OrderDetails,DealerController,0.0
OrderDetails,QuoteController,0.05012965294931573
OrderDetails,MongoOrderRepository,0.6438881894584851
OrderDetails,CatalogController,0.0
OrderDetails,ShipmentController,0.007385869952770508
OrderDetails,TestPath,0.0
OrderDetails,DealersRepository,0.26191385629377467
OrderDetails,QuoteRepository,0.3075988185767515
OrderDetails,OrderRepository,0.5630501223808689
OrderDetails,CatalogItemsRepository,0.19430402290511917
OrderDetails,ShipmentRepository,0.2708181244232633
OrderEventInfo,QuoteItemInfo,0.4729862047391098
OrderEventInfo,ShipmentDetails,0.0
OrderEventInfo,PingController,0.0
OrderEventInfo,OrderingServiceProperties,0.0
OrderEventInfo,PropertyHelper,0.0
OrderEventInfo,Utility,0.0
OrderEventInfo,MongoDealersRepository,0.04932600729514774
OrderEventInfo,Dealer,0.08477109166663814
OrderEventInfo,CatalogItem,0.0
OrderEventInfo,CatalogItem,0.0
OrderEventInfo,OrderingInitializer,0.0
OrderEventInfo,OrderingConfiguration,0.0
OrderEventInfo,RepositoryFactory,0.0
OrderEventInfo,MongoCatalogItemsRepository,0.0
OrderEventInfo,OrderController,0.3211345258245877
OrderEventInfo,ConflictingRequestException,0.0
OrderEventInfo,MongoShipmentRepository,0.08888694091678849
OrderEventInfo,Delivery,0.0
OrderEventInfo,AppInsightsFilter,0.0
OrderEventInfo,DealerController,0.21772765004304775
OrderEventInfo,QuoteController,0.09947895289947072
OrderEventInfo,MongoOrderRepository,0.09086244750922617
OrderEventInfo,CatalogController,0.1015516536923859
OrderEventInfo,ShipmentController,0.07816942039168084
OrderEventInfo,TestPath,0.0
OrderEventInfo,DealersRepository,0.06930007727578015
OrderEventInfo,QuoteRepository,0.0
OrderEventInfo,OrderRepository,0.14188386227906027
OrderEventInfo,CatalogItemsRepository,0.0
OrderEventInfo,ShipmentRepository,0.1499778155733461
QuoteItemInfo,ShipmentDetails,0.0
QuoteItemInfo,PingController,0.0
QuoteItemInfo,OrderingServiceProperties,0.0
QuoteItemInfo,PropertyHelper,0.0
QuoteItemInfo,Utility,0.0
QuoteItemInfo,MongoDealersRepository,0.03175159660743835
QuoteItemInfo,Dealer,0.05456791770040651
QuoteItemInfo,CatalogItem,0.4044067960965826
QuoteItemInfo,CatalogItem,0.3543012604984207
QuoteItemInfo,OrderingInitializer,0.0
QuoteItemInfo,OrderingConfiguration,0.0
QuoteItemInfo,RepositoryFactory,0.042113957323214074
QuoteItemInfo,MongoCatalogItemsRepository,0.38651396411694444
QuoteItemInfo,OrderController,0.20671719605625466
QuoteItemInfo,ConflictingRequestException,0.0
QuoteItemInfo,MongoShipmentRepository,0.05721732705368812
QuoteItemInfo,Delivery,0.20855471838026113
QuoteItemInfo,AppInsightsFilter,0.0
QuoteItemInfo,DealerController,0.1401532557274795
QuoteItemInfo,QuoteController,0.5763195078906304
QuoteItemInfo,MongoOrderRepository,0.11697795699597582
QuoteItemInfo,CatalogController,0.3268485855306705
QuoteItemInfo,ShipmentController,0.075477543371671
QuoteItemInfo,TestPath,0.0
QuoteItemInfo,DealersRepository,0.04460908594037635
QuoteItemInfo,QuoteRepository,0.4762739491115752
QuoteItemInfo,OrderRepository,0.13699788632496596
QuoteItemInfo,CatalogItemsRepository,0.3971256036158635
QuoteItemInfo,ShipmentRepository,0.09654207508942485
ShipmentDetails,PingController,0.0
ShipmentDetails,OrderingServiceProperties,0.0
ShipmentDetails,PropertyHelper,0.00561434614044346
ShipmentDetails,Utility,0.0066577955161413425
ShipmentDetails,MongoDealersRepository,0.22972477524031407
ShipmentDetails,Dealer,0.30355080707523574
ShipmentDetails,CatalogItem,0.0
ShipmentDetails,CatalogItem,0.2281777407016066
ShipmentDetails,OrderingInitializer,0.0
ShipmentDetails,OrderingConfiguration,0.0
ShipmentDetails,RepositoryFactory,0.39380662818284773
ShipmentDetails,MongoCatalogItemsRepository,0.16836275259743044
ShipmentDetails,OrderController,0.0035273862351407094
ShipmentDetails,ConflictingRequestException,0.0
ShipmentDetails,MongoShipmentRepository,0.820131064069153
ShipmentDetails,Delivery,0.2989342772712082
ShipmentDetails,AppInsightsFilter,0.0
ShipmentDetails,DealerController,0.007174652247054441
ShipmentDetails,QuoteController,0.004370762542492555
ShipmentDetails,MongoOrderRepository,0.47307368248559645
ShipmentDetails,CatalogController,0.0
ShipmentDetails,ShipmentController,0.5976021444788915
ShipmentDetails,TestPath,0.0
ShipmentDetails,DealersRepository,0.20400204866529986
ShipmentDetails,QuoteRepository,0.20588541177197958
ShipmentDetails,OrderRepository,0.40831967710337297
ShipmentDetails,CatalogItemsRepository,0.14682377977446495
ShipmentDetails,ShipmentRepository,0.7687760066907375
PingController,OrderingServiceProperties,0.3992918259420683
PingController,PropertyHelper,0.29814239699997197
PingController,Utility,0.0
PingController,MongoDealersRepository,0.0
PingController,Dealer,0.0
PingController,CatalogItem,0.0
PingController,CatalogItem,0.0
PingController,OrderingInitializer,0.0
PingController,OrderingConfiguration,0.09847982464479191
PingController,RepositoryFactory,0.012720546282869609
PingController,MongoCatalogItemsRepository,0.0
PingController,OrderController,0.468292905790847
PingController,ConflictingRequestException,0.0
PingController,MongoShipmentRepository,0.03456505649101418
PingController,Delivery,0.0
PingController,AppInsightsFilter,0.07453559924999299
PingController,DealerController,0.15875015875023812
PingController,QuoteController,0.14506471329641488
PingController,MongoOrderRepository,0.132499735000795
PingController,CatalogController,0.14808721943977307
PingController,ShipmentController,0.20518233866439894
PingController,TestPath,0.0
PingController,DealersRepository,0.0
PingController,QuoteRepository,0.0
PingController,OrderRepository,0.206901472150592
PingController,CatalogItemsRepository,0.0
PingController,ShipmentRepository,0.05832118435198043
OrderingServiceProperties,PropertyHelper,0.11904582208886381
OrderingServiceProperties,Utility,0.0
OrderingServiceProperties,MongoDealersRepository,0.0
OrderingServiceProperties,Dealer,0.0
OrderingServiceProperties,CatalogItem,0.0
OrderingServiceProperties,CatalogItem,0.0
OrderingServiceProperties,OrderingInitializer,0.0
OrderingServiceProperties,OrderingConfiguration,0.15728875600349462
OrderingServiceProperties,RepositoryFactory,0.0
OrderingServiceProperties,MongoCatalogItemsRepository,0.0
OrderingServiceProperties,OrderController,0.0
OrderingServiceProperties,ConflictingRequestException,0.1127431720332507
OrderingServiceProperties,MongoShipmentRepository,0.0
OrderingServiceProperties,Delivery,0.0
OrderingServiceProperties,AppInsightsFilter,0.0
OrderingServiceProperties,DealerController,0.0
OrderingServiceProperties,QuoteController,0.0
OrderingServiceProperties,MongoOrderRepository,0.0
OrderingServiceProperties,CatalogController,0.0
OrderingServiceProperties,ShipmentController,0.0
OrderingServiceProperties,TestPath,0.0
OrderingServiceProperties,DealersRepository,0.0
OrderingServiceProperties,QuoteRepository,0.0
OrderingServiceProperties,OrderRepository,0.0
OrderingServiceProperties,CatalogItemsRepository,0.0
OrderingServiceProperties,ShipmentRepository,0.0
PropertyHelper,Utility,0.02635231383473649
PropertyHelper,MongoDealersRepository,0.01715616708849929
PropertyHelper,Dealer,0.0073710963681141075
PropertyHelper,CatalogItem,0.0
PropertyHelper,CatalogItem,0.0
PropertyHelper,OrderingInitializer,0.0
PropertyHelper,OrderingConfiguration,0.02936101097573517
PropertyHelper,RepositoryFactory,0.0
PropertyHelper,MongoCatalogItemsRepository,0.0
PropertyHelper,OrderController,0.013961796943056517
PropertyHelper,ConflictingRequestException,0.0
PropertyHelper,MongoShipmentRepository,0.0
PropertyHelper,Delivery,0.0
PropertyHelper,AppInsightsFilter,0.0
PropertyHelper,DealerController,0.02839809171235324
PropertyHelper,QuoteController,0.01729997653692273
PropertyHelper,MongoOrderRepository,0.00790075771899962
PropertyHelper,CatalogController,0.0
PropertyHelper,ShipmentController,0.0
PropertyHelper,TestPath,0.0
PropertyHelper,DealersRepository,0.02410338420207291
PropertyHelper,QuoteRepository,0.03431233417699858
PropertyHelper,OrderRepository,0.012337220169960085
PropertyHelper,CatalogItemsRepository,0.0
PropertyHelper,ShipmentRepository,0.0
Utility,MongoDealersRepository,0.020344711469278985
Utility,Dealer,0.00874104501593832
Utility,CatalogItem,0.0
Utility,CatalogItem,0.0
Utility,OrderingInitializer,0.024753688574416854
Utility,OrderingConfiguration,0.04642383454426296
Utility,RepositoryFactory,0.0
Utility,MongoCatalogItemsRepository,0.0
Utility,OrderController,0.016556654463313048
Utility,ConflictingRequestException,0.0
Utility,MongoShipmentRepository,0.0
Utility,Delivery,0.0
Utility,AppInsightsFilter,0.0
Utility,DealerController,0.033675994130020294
Utility,QuoteController,0.020515248496555453
Utility,MongoOrderRepository,0.009369146112448268
Utility,CatalogController,0.0
Utility,ShipmentController,0.0
Utility,TestPath,0.0
Utility,DealersRepository,0.028583097523751475
Utility,QuoteRepository,0.04068942293855797
Utility,OrderRepository,0.01463014339951632
Utility,CatalogItemsRepository,0.0
Utility,ShipmentRepository,0.0
MongoDealersRepository,Dealer,0.9674171710134888
MongoDealersRepository,CatalogItem,0.0
MongoDealersRepository,CatalogItem,0.21454134420465057
MongoDealersRepository,OrderingInitializer,0.0
MongoDealersRepository,OrderingConfiguration,0.007555836152804613
MongoDealersRepository,RepositoryFactory,0.38795214780384846
MongoDealersRepository,MongoCatalogItemsRepository,0.17589003274953166
MongoDealersRepository,OrderController,0.19402004618072874
MongoDealersRepository,ConflictingRequestException,0.0
MongoDealersRepository,MongoShipmentRepository,0.2267454864612817
MongoDealersRepository,Delivery,0.0
MongoDealersRepository,AppInsightsFilter,0.0
MongoDealersRepository,DealerController,0.807537988627325
MongoDealersRepository,QuoteController,0.020034086946383055
MongoDealersRepository,MongoOrderRepository,0.5398148106194562
MongoDealersRepository,CatalogController,0.013634339059159018
MongoDealersRepository,ShipmentController,0.0052475185923930735
MongoDealersRepository,TestPath,0.019181177921614535
MongoDealersRepository,DealersRepository,0.986249222944201
MongoDealersRepository,QuoteRepository,0.31456953642384106
MongoDealersRepository,OrderRepository,0.547668725039898
MongoDealersRepository,CatalogItemsRepository,0.14495173598451483
MongoDealersRepository,ShipmentRepository,0.20136042245783126
Dealer,CatalogItem,0.0
Dealer,CatalogItem,0.27653115901464725
Dealer,OrderingInitializer,0.0
Dealer,OrderingConfiguration,0.0
Dealer,RepositoryFactory,0.4780328046039911
Dealer,MongoCatalogItemsRepository,0.20404070514287437
Dealer,OrderController,0.18987587011402796
Dealer,ConflictingRequestException,0.0
Dealer,MongoShipmentRepository,0.27687939131357286
Dealer,Delivery,0.0
Dealer,AppInsightsFilter,0.0
Dealer,DealerController,0.7378708741551016
Dealer,QuoteController,0.01721517221966901
Dealer,MongoOrderRepository,0.6315829385947241
Dealer,CatalogController,0.011715906775934114
Dealer,ShipmentController,0.00901832327430038
Dealer,TestPath,0.0
Dealer,DealersRepository,0.9594091858562563
Dealer,QuoteRepository,0.341441354475349
Dealer,OrderRepository,0.6424828960331005
Dealer,CatalogItemsRepository,0.17793738279247603
Dealer,ShipmentRepository,0.2595417270660322
CatalogItem,CatalogItem,0.8590575896378005
CatalogItem,OrderingInitializer,0.0
CatalogItem,OrderingConfiguration,0.0
CatalogItem,RepositoryFactory,0.06739510060481707
CatalogItem,MongoCatalogItemsRepository,0.8805753715709337
CatalogItem,OrderController,0.0
CatalogItem,ConflictingRequestException,0.0
CatalogItem,MongoShipmentRepository,0.0
CatalogItem,Delivery,0.0
CatalogItem,AppInsightsFilter,0.0
CatalogItem,DealerController,0.0
CatalogItem,QuoteController,0.0
CatalogItem,MongoOrderRepository,0.0
CatalogItem,CatalogController,0.8473520756841308
CatalogItem,ShipmentController,0.0
CatalogItem,TestPath,0.0
CatalogItem,DealersRepository,0.0
CatalogItem,QuoteRepository,0.0
CatalogItem,OrderRepository,0.0
CatalogItem,CatalogItemsRepository,0.8976739402991841
CatalogItem,ShipmentRepository,0.0
CatalogItem,OrderingInitializer,0.0
CatalogItem,OrderingConfiguration,0.0
CatalogItem,RepositoryFactory,0.407076666944
CatalogItem,MongoCatalogItemsRepository,0.9734234166868314
CatalogItem,OrderController,0.0
CatalogItem,ConflictingRequestException,0.0
CatalogItem,MongoShipmentRepository,0.20941370724023053
CatalogItem,Delivery,0.0
CatalogItem,AppInsightsFilter,0.0
CatalogItem,DealerController,0.0
CatalogItem,QuoteController,0.0
CatalogItem,MongoOrderRepository,0.41990244576391
CatalogItem,CatalogController,0.7798669288848439
CatalogItem,ShipmentController,0.0
CatalogItem,TestPath,0.0
CatalogItem,DealersRepository,0.18838606330010252
CatalogItem,QuoteRepository,0.18772367617906927
CatalogItem,OrderRepository,0.3856985924301075
CatalogItem,CatalogItemsRepository,0.9666492861254441
CatalogItem,ShipmentRepository,0.19026059766179762
OrderingInitializer,OrderingConfiguration,0.1470926262705844
OrderingInitializer,RepositoryFactory,0.0
OrderingInitializer,MongoCatalogItemsRepository,0.0
OrderingInitializer,OrderController,0.0
OrderingInitializer,ConflictingRequestException,0.0
OrderingInitializer,MongoShipmentRepository,0.0
OrderingInitializer,Delivery,0.0
OrderingInitializer,AppInsightsFilter,0.08349657214468659
OrderingInitializer,DealerController,0.0
OrderingInitializer,QuoteController,0.0
OrderingInitializer,MongoOrderRepository,0.0
OrderingInitializer,CatalogController,0.0
OrderingInitializer,ShipmentController,0.0
OrderingInitializer,TestPath,0.18670401120373464
OrderingInitializer,DealersRepository,0.0
OrderingInitializer,QuoteRepository,0.0
OrderingInitializer,OrderRepository,0.0
OrderingInitializer,CatalogItemsRepository,0.0
OrderingInitializer,ShipmentRepository,0.0
OrderingConfiguration,RepositoryFactory,0.045097818023626515
OrderingConfiguration,MongoCatalogItemsRepository,0.0050169609130850425
OrderingConfiguration,OrderController,0.0
OrderingConfiguration,ConflictingRequestException,0.0
OrderingConfiguration,MongoShipmentRepository,0.00453861426942987
OrderingConfiguration,Delivery,0.0
OrderingConfiguration,AppInsightsFilter,0.0
OrderingConfiguration,DealerController,0.0
OrderingConfiguration,QuoteController,0.0
OrderingConfiguration,MongoOrderRepository,0.006959227023125169
OrderingConfiguration,CatalogController,0.0
OrderingConfiguration,ShipmentController,0.0
OrderingConfiguration,TestPath,0.0
OrderingConfiguration,DealersRepository,0.0
OrderingConfiguration,QuoteRepository,0.0
OrderingConfiguration,OrderRepository,0.0
OrderingConfiguration,CatalogItemsRepository,0.0
OrderingConfiguration,ShipmentRepository,0.0
RepositoryFactory,MongoCatalogItemsRepository,0.3227219879276592
RepositoryFactory,OrderController,0.02859331959384944
RepositoryFactory,ConflictingRequestException,0.0
RepositoryFactory,MongoShipmentRepository,0.37813030474299564
RepositoryFactory,Delivery,0.028847487433165776
RepositoryFactory,AppInsightsFilter,0.0075850683198476565
RepositoryFactory,DealerController,0.05331186278339597
RepositoryFactory,QuoteController,0.0324773222311693
RepositoryFactory,MongoOrderRepository,0.6795811054551743
RepositoryFactory,CatalogController,0.07082901236231981
RepositoryFactory,ShipmentController,0.05568067062203548
RepositoryFactory,TestPath,0.00848036418857974
RepositoryFactory,DealersRepository,0.34348400164515797
RepositoryFactory,QuoteRepository,0.32646539230286115
RepositoryFactory,OrderRepository,0.6211283415865692
RepositoryFactory,CatalogItemsRepository,0.2883866580939541
RepositoryFactory,ShipmentRepository,0.3457148333666502
MongoCatalogItemsRepository,OrderController,0.0
MongoCatalogItemsRepository,ConflictingRequestException,0.0
MongoCatalogItemsRepository,MongoShipmentRepository,0.1677241911675815
MongoCatalogItemsRepository,Delivery,0.0
MongoCatalogItemsRepository,AppInsightsFilter,0.0
MongoCatalogItemsRepository,DealerController,0.0024262127118991872
MongoCatalogItemsRepository,QuoteController,0.0
MongoCatalogItemsRepository,MongoOrderRepository,0.3300785628047154
MongoCatalogItemsRepository,CatalogController,0.8396652767168962
MongoCatalogItemsRepository,ShipmentController,0.0
MongoCatalogItemsRepository,TestPath,0.012736011998347835
MongoCatalogItemsRepository,DealersRepository,0.14518002163300786
MongoCatalogItemsRepository,QuoteRepository,0.1407120261996253
MongoCatalogItemsRepository,OrderRepository,0.2877528797910061
MongoCatalogItemsRepository,CatalogItemsRepository,0.9922479553172038
MongoCatalogItemsRepository,ShipmentRepository,0.14261362630361832
OrderController,ConflictingRequestException,0.257841025556124
OrderController,MongoShipmentRepository,0.07122091126920795
OrderController,Delivery,0.0
OrderController,AppInsightsFilter,0.13961796943056518
OrderController,DealerController,0.5055226973241694
OrderController,QuoteController,0.32064270327362876
OrderController,MongoOrderRepository,0.19855579494412634
OrderController,CatalogController,0.2385577883986672
OrderController,ShipmentController,0.3245552423488262
OrderController,TestPath,0.0
OrderController,DealersRepository,0.21201173019798553
OrderController,QuoteRepository,0.07006279445415205
OrderController,OrderRepository,0.29454709448164634
OrderController,CatalogItemsRepository,0.0
OrderController,ShipmentRepository,0.12017014631315139
ConflictingRequestException,MongoShipmentRepository,0.0
ConflictingRequestException,Delivery,0.0
ConflictingRequestException,AppInsightsFilter,0.1025978352085154
ConflictingRequestException,DealerController,0.0
ConflictingRequestException,QuoteController,0.03993615319154358
ConflictingRequestException,MongoOrderRepository,0.0
ConflictingRequestException,CatalogController,0.0
ConflictingRequestException,ShipmentController,0.031381371201314144
ConflictingRequestException,TestPath,0.0
ConflictingRequestException,DealersRepository,0.0
ConflictingRequestException,QuoteRepository,0.0
ConflictingRequestException,OrderRepository,0.0
ConflictingRequestException,CatalogItemsRepository,0.0
ConflictingRequestException,ShipmentRepository,0.0
MongoShipmentRepository,Delivery,0.36580217411248955
MongoShipmentRepository,AppInsightsFilter,0.0
MongoShipmentRepository,DealerController,0.030728365948892913
MongoShipmentRepository,QuoteController,0.016045344031818735
MongoShipmentRepository,MongoOrderRepository,0.4689777485155213
MongoShipmentRepository,CatalogController,0.014332200695492313
MongoShipmentRepository,ShipmentController,0.8258402005538037
MongoShipmentRepository,TestPath,0.011521685497004726
MongoShipmentRepository,DealersRepository,0.19281492435067848
MongoShipmentRepository,QuoteRepository,0.18696557655579368
MongoShipmentRepository,OrderRepository,0.43195428880673614
MongoShipmentRepository,CatalogItemsRepository,0.13682290548367898
MongoShipmentRepository,ShipmentRepository,0.983747015493539
Delivery,AppInsightsFilter,0.0
Delivery,DealerController,0.0
Delivery,QuoteController,0.3509075706452101
Delivery,MongoOrderRepository,0.0400641540107502
Delivery,CatalogController,0.0
Delivery,ShipmentController,0.43084241391161293
Delivery,TestPath,0.0
Delivery,DealersRepository,0.0
Delivery,QuoteRepository,0.32624117121776675
Delivery,OrderRepository,0.03128056235449272
Delivery,CatalogItemsRepository,0.0
Delivery,ShipmentRepository,0.3747367070507946
AppInsightsFilter,DealerController,0.047330152853922065
AppInsightsFilter,QuoteController,0.0518999296107682
AppInsightsFilter,MongoOrderRepository,0.0
AppInsightsFilter,CatalogController,0.04415107856883479
AppInsightsFilter,ShipmentController,0.05437649268574571
AppInsightsFilter,TestPath,0.0
AppInsightsFilter,DealersRepository,0.0
AppInsightsFilter,QuoteRepository,0.0
AppInsightsFilter,OrderRepository,0.0
AppInsightsFilter,CatalogItemsRepository,0.0
AppInsightsFilter,ShipmentRepository,0.0
DealerController,QuoteController,0.14738589609512728
DealerController,MongoOrderRepository,0.14471635528429594
DealerController,CatalogController,0.12788825059650258
DealerController,ShipmentController,0.12739556166858773
DealerController,TestPath,0.0
DealerController,DealersRepository,0.847056517496334
DealerController,QuoteRepository,0.15346875801967264
DealerController,OrderRepository,0.2259780138610034
DealerController,CatalogItemsRepository,0.003808480722273453
DealerController,ShipmentRepository,0.05184758473652126
QuoteController,MongoOrderRepository,0.13531609393097857
QuoteController,CatalogController,0.09967754734334797
QuoteController,ShipmentController,0.16139091067041555
QuoteController,TestPath,0.0
QuoteController,DealersRepository,0.02814668872804994
QuoteController,QuoteRepository,0.8447706662391521
QuoteController,OrderRepository,0.12485866739062824
QuoteController,CatalogItemsRepository,0.0
QuoteController,ShipmentRepository,0.02707310683880767
MongoOrderRepository,CatalogController,0.01569721386621961
MongoOrderRepository,ShipmentController,0.048331743110891084
MongoOrderRepository,TestPath,0.017666631333439334
MongoOrderRepository,DealersRepository,0.47989619694712343
MongoOrderRepository,QuoteRepository,0.5001673951502306
MongoOrderRepository,OrderRepository,0.9518276288282295
MongoOrderRepository,CatalogItemsRepository,0.27337012685176687
MongoOrderRepository,ShipmentRepository,0.4327423224079155
CatalogController,ShipmentController,0.10533425763799703
CatalogController,TestPath,0.0
CatalogController,DealersRepository,0.019155427374249582
CatalogController,QuoteRepository,0.0034085847647897546
CatalogController,OrderRepository,0.024511570967021452
CatalogController,CatalogItemsRepository,0.8597467405622183
CatalogController,ShipmentRepository,0.024182541670333717
ShipmentController,TestPath,0.0
ShipmentController,DealersRepository,0.007372448408057267
ShipmentController,QuoteRepository,0.044603908035341124
ShipmentController,OrderRepository,0.07169760272447502
ShipmentController,CatalogItemsRepository,0.0
ShipmentController,ShipmentRepository,0.8509494754856456
TestPath,DealersRepository,0.0
TestPath,QuoteRepository,0.0
TestPath,OrderRepository,0.0
TestPath,CatalogItemsRepository,0.0
TestPath,ShipmentRepository,0.0
DealersRepository,QuoteRepository,0.30703985242602483
DealersRepository,OrderRepository,0.5151913727882077
DealersRepository,CatalogItemsRepository,0.13091688123628856
DealersRepository,ShipmentRepository,0.18388454369566806
QuoteRepository,OrderRepository,0.4667090004687827
QuoteRepository,CatalogItemsRepository,0.12424434512958414
QuoteRepository,ShipmentRepository,0.17451236613012042
OrderRepository,CatalogItemsRepository,0.2531461636904449
OrderRepository,ShipmentRepository,0.4392292959596658
CatalogItemsRepository,ShipmentRepository,0.1259233989105579
