QuoteItemInfo,ConflictingRequestException,0.0
QuoteItemInfo,DealerInfo,0.25
QuoteItemInfo,CatalogItem,0.25
QuoteItemInfo,MongoOrderRepository,0.0
QuoteItemInfo,MongoCatalogItemsRepository,0.25
QuoteItemInfo,OrderEventInfo,0.2
QuoteItemInfo,DealerController,0.0
QuoteItemInfo,OrderUpdateInfo,0.2
QuoteItemInfo,Order,0.0
QuoteItemInfo,ShipmentDetails,0.0
QuoteItemInfo,DeliveryAddress,0.0
QuoteItemInfo,OrderingServiceProperties,0.0
QuoteItemInfo,OrderingInitializer,0.0
QuoteItemInfo,ShipmentEventInfo,0.2
QuoteItemInfo,MongoShipmentRepository,0.0
QuoteItemInfo,OrderController,0.0
QuoteItemInfo,ShipmentController,0.0
QuoteItemInfo,Repositories,0.0
QuoteItemInfo,QuoteRepository,0.3333333333333333
QuoteItemInfo,ShipmentRepository,0.0
QuoteItemInfo,MongoOperationsWithRetry,0.0
QuoteItemInfo,BadRequestException,0.0
QuoteItemInfo,OrderStatus,0.0
QuoteItemInfo,AppInsightsFilter,0.0
QuoteItemInfo,DealersRepository,0.0
QuoteItemInfo,Quote,0.3333333333333333
QuoteItemInfo,OrderRepository,0.0
QuoteItemInfo,PingController,0.0
QuoteItemInfo,PropertyHelper,0.0
QuoteItemInfo,PhoneInfo,0.25
QuoteItemInfo,MongoQuoteRepository,0.3333333333333333
QuoteItemInfo,RepositoryFactory,0.0
QuoteItemInfo,OrderingConfiguration,0.0
QuoteItemInfo,TestPath,0.0
QuoteItemInfo,QuoteController,0.3333333333333333
QuoteItemInfo,QuoteDetails,0.25
QuoteItemInfo,ShipmentRecord,0.0
QuoteItemInfo,MongoDealersRepository,0.0
QuoteItemInfo,Delivery,0.0
QuoteItemInfo,Utility,0.0
QuoteItemInfo,CatalogItemsRepository,0.25
QuoteItemInfo,Dealer,0.0
QuoteItemInfo,OrderDetails,0.0
QuoteItemInfo,MongoDBProperties,0.0
QuoteItemInfo,CatalogController,0.0
QuoteItemInfo,CatalogItem,0.25
ConflictingRequestException,DealerInfo,0.0
ConflictingRequestException,CatalogItem,0.0
ConflictingRequestException,MongoOrderRepository,0.0
ConflictingRequestException,MongoCatalogItemsRepository,0.0
ConflictingRequestException,OrderEventInfo,0.0
ConflictingRequestException,DealerController,0.0
ConflictingRequestException,OrderUpdateInfo,0.0
ConflictingRequestException,Order,0.0
ConflictingRequestException,ShipmentDetails,0.0
ConflictingRequestException,DeliveryAddress,0.0
ConflictingRequestException,OrderingServiceProperties,0.0
ConflictingRequestException,OrderingInitializer,0.0
ConflictingRequestException,ShipmentEventInfo,0.0
ConflictingRequestException,MongoShipmentRepository,0.0
ConflictingRequestException,OrderController,0.0
ConflictingRequestException,ShipmentController,0.0
ConflictingRequestException,Repositories,0.0
ConflictingRequestException,QuoteRepository,0.0
ConflictingRequestException,ShipmentRepository,0.0
ConflictingRequestException,MongoOperationsWithRetry,0.0
ConflictingRequestException,BadRequestException,0.3333333333333333
ConflictingRequestException,OrderStatus,0.0
ConflictingRequestException,AppInsightsFilter,0.0
ConflictingRequestException,DealersRepository,0.0
ConflictingRequestException,Quote,0.0
ConflictingRequestException,OrderRepository,0.0
ConflictingRequestException,PingController,0.0
ConflictingRequestException,PropertyHelper,0.0
ConflictingRequestException,PhoneInfo,0.0
ConflictingRequestException,MongoQuoteRepository,0.0
ConflictingRequestException,RepositoryFactory,0.0
ConflictingRequestException,OrderingConfiguration,0.0
ConflictingRequestException,TestPath,0.0
ConflictingRequestException,QuoteController,0.0
ConflictingRequestException,QuoteDetails,0.0
ConflictingRequestException,ShipmentRecord,0.0
ConflictingRequestException,MongoDealersRepository,0.0
ConflictingRequestException,Delivery,0.0
ConflictingRequestException,Utility,0.0
ConflictingRequestException,CatalogItemsRepository,0.0
ConflictingRequestException,Dealer,0.0
ConflictingRequestException,OrderDetails,0.0
ConflictingRequestException,MongoDBProperties,0.0
ConflictingRequestException,CatalogController,0.0
ConflictingRequestException,CatalogItem,0.0
DealerInfo,CatalogItem,0.0
DealerInfo,MongoOrderRepository,0.0
DealerInfo,MongoCatalogItemsRepository,0.0
DealerInfo,OrderEventInfo,0.25
DealerInfo,DealerController,0.5
DealerInfo,OrderUpdateInfo,0.25
DealerInfo,Order,0.0
DealerInfo,ShipmentDetails,0.0
DealerInfo,DeliveryAddress,0.0
DealerInfo,OrderingServiceProperties,0.0
DealerInfo,OrderingInitializer,0.0
DealerInfo,ShipmentEventInfo,0.25
DealerInfo,MongoShipmentRepository,0.0
DealerInfo,OrderController,0.0
DealerInfo,ShipmentController,0.0
DealerInfo,Repositories,0.0
DealerInfo,QuoteRepository,0.0
DealerInfo,ShipmentRepository,0.0
DealerInfo,MongoOperationsWithRetry,0.0
DealerInfo,BadRequestException,0.0
DealerInfo,OrderStatus,0.0
DealerInfo,AppInsightsFilter,0.0
DealerInfo,DealersRepository,0.5
DealerInfo,Quote,0.0
DealerInfo,OrderRepository,0.0
DealerInfo,PingController,0.0
DealerInfo,PropertyHelper,0.0
DealerInfo,PhoneInfo,0.3333333333333333
DealerInfo,MongoQuoteRepository,0.0
DealerInfo,RepositoryFactory,0.0
DealerInfo,OrderingConfiguration,0.0
DealerInfo,TestPath,0.0
DealerInfo,QuoteController,0.0
DealerInfo,QuoteDetails,0.0
DealerInfo,ShipmentRecord,0.0
DealerInfo,MongoDealersRepository,0.5
DealerInfo,Delivery,0.0
DealerInfo,Utility,0.0
DealerInfo,CatalogItemsRepository,0.0
DealerInfo,Dealer,0.5
DealerInfo,OrderDetails,0.0
DealerInfo,MongoDBProperties,0.0
DealerInfo,CatalogController,0.0
DealerInfo,CatalogItem,0.0
CatalogItem,MongoOrderRepository,0.0
CatalogItem,MongoCatalogItemsRepository,1.0
CatalogItem,OrderEventInfo,0.0
CatalogItem,DealerController,0.0
CatalogItem,OrderUpdateInfo,0.0
CatalogItem,Order,0.0
CatalogItem,ShipmentDetails,0.0
CatalogItem,DeliveryAddress,0.0
CatalogItem,OrderingServiceProperties,0.0
CatalogItem,OrderingInitializer,0.0
CatalogItem,ShipmentEventInfo,0.0
CatalogItem,MongoShipmentRepository,0.0
CatalogItem,OrderController,0.0
CatalogItem,ShipmentController,0.0
CatalogItem,Repositories,0.0
CatalogItem,QuoteRepository,0.0
CatalogItem,ShipmentRepository,0.0
CatalogItem,MongoOperationsWithRetry,0.0
CatalogItem,BadRequestException,0.0
CatalogItem,OrderStatus,0.0
CatalogItem,AppInsightsFilter,0.0
CatalogItem,DealersRepository,0.0
CatalogItem,Quote,0.0
CatalogItem,OrderRepository,0.0
CatalogItem,PingController,0.0
CatalogItem,PropertyHelper,0.0
CatalogItem,PhoneInfo,0.0
CatalogItem,MongoQuoteRepository,0.0
CatalogItem,RepositoryFactory,0.0
CatalogItem,OrderingConfiguration,0.0
CatalogItem,TestPath,0.0
CatalogItem,QuoteController,0.0
CatalogItem,QuoteDetails,0.0
CatalogItem,ShipmentRecord,0.0
CatalogItem,MongoDealersRepository,0.0
CatalogItem,Delivery,0.0
CatalogItem,Utility,0.0
CatalogItem,CatalogItemsRepository,1.0
CatalogItem,Dealer,0.0
CatalogItem,OrderDetails,0.0
CatalogItem,MongoDBProperties,0.0
CatalogItem,CatalogController,0.5
CatalogItem,CatalogItem,1.0
MongoOrderRepository,MongoCatalogItemsRepository,0.0
MongoOrderRepository,OrderEventInfo,0.3333333333333333
MongoOrderRepository,DealerController,0.0
MongoOrderRepository,OrderUpdateInfo,0.3333333333333333
MongoOrderRepository,Order,1.0
MongoOrderRepository,ShipmentDetails,0.0
MongoOrderRepository,DeliveryAddress,0.0
MongoOrderRepository,OrderingServiceProperties,0.5
MongoOrderRepository,OrderingInitializer,1.0
MongoOrderRepository,ShipmentEventInfo,0.0
MongoOrderRepository,MongoShipmentRepository,0.0
MongoOrderRepository,OrderController,1.0
MongoOrderRepository,ShipmentController,0.0
MongoOrderRepository,Repositories,0.0
MongoOrderRepository,QuoteRepository,0.0
MongoOrderRepository,ShipmentRepository,0.0
MongoOrderRepository,MongoOperationsWithRetry,0.0
MongoOrderRepository,BadRequestException,0.0
MongoOrderRepository,OrderStatus,0.5
MongoOrderRepository,AppInsightsFilter,0.0
MongoOrderRepository,DealersRepository,0.0
MongoOrderRepository,Quote,0.0
MongoOrderRepository,OrderRepository,1.0
MongoOrderRepository,PingController,0.0
MongoOrderRepository,PropertyHelper,0.0
MongoOrderRepository,PhoneInfo,0.0
MongoOrderRepository,MongoQuoteRepository,0.0
MongoOrderRepository,RepositoryFactory,0.0
MongoOrderRepository,OrderingConfiguration,0.5
MongoOrderRepository,TestPath,0.0
MongoOrderRepository,QuoteController,0.0
MongoOrderRepository,QuoteDetails,0.0
MongoOrderRepository,ShipmentRecord,0.0
MongoOrderRepository,MongoDealersRepository,0.0
MongoOrderRepository,Delivery,0.0
MongoOrderRepository,Utility,0.0
MongoOrderRepository,CatalogItemsRepository,0.0
MongoOrderRepository,Dealer,0.0
MongoOrderRepository,OrderDetails,0.5
MongoOrderRepository,MongoDBProperties,0.0
MongoOrderRepository,CatalogController,0.0
MongoOrderRepository,CatalogItem,0.0
MongoCatalogItemsRepository,OrderEventInfo,0.0
MongoCatalogItemsRepository,DealerController,0.0
MongoCatalogItemsRepository,OrderUpdateInfo,0.0
MongoCatalogItemsRepository,Order,0.0
MongoCatalogItemsRepository,ShipmentDetails,0.0
MongoCatalogItemsRepository,DeliveryAddress,0.0
MongoCatalogItemsRepository,OrderingServiceProperties,0.0
MongoCatalogItemsRepository,OrderingInitializer,0.0
MongoCatalogItemsRepository,ShipmentEventInfo,0.0
MongoCatalogItemsRepository,MongoShipmentRepository,0.0
MongoCatalogItemsRepository,OrderController,0.0
MongoCatalogItemsRepository,ShipmentController,0.0
MongoCatalogItemsRepository,Repositories,0.0
MongoCatalogItemsRepository,QuoteRepository,0.0
MongoCatalogItemsRepository,ShipmentRepository,0.0
MongoCatalogItemsRepository,MongoOperationsWithRetry,0.0
MongoCatalogItemsRepository,BadRequestException,0.0
MongoCatalogItemsRepository,OrderStatus,0.0
MongoCatalogItemsRepository,AppInsightsFilter,0.0
MongoCatalogItemsRepository,DealersRepository,0.0
MongoCatalogItemsRepository,Quote,0.0
MongoCatalogItemsRepository,OrderRepository,0.0
MongoCatalogItemsRepository,PingController,0.0
MongoCatalogItemsRepository,PropertyHelper,0.0
MongoCatalogItemsRepository,PhoneInfo,0.0
MongoCatalogItemsRepository,MongoQuoteRepository,0.0
MongoCatalogItemsRepository,RepositoryFactory,0.0
MongoCatalogItemsRepository,OrderingConfiguration,0.0
MongoCatalogItemsRepository,TestPath,0.0
MongoCatalogItemsRepository,QuoteController,0.0
MongoCatalogItemsRepository,QuoteDetails,0.0
MongoCatalogItemsRepository,ShipmentRecord,0.0
MongoCatalogItemsRepository,MongoDealersRepository,0.0
MongoCatalogItemsRepository,Delivery,0.0
MongoCatalogItemsRepository,Utility,0.0
MongoCatalogItemsRepository,CatalogItemsRepository,1.0
MongoCatalogItemsRepository,Dealer,0.0
MongoCatalogItemsRepository,OrderDetails,0.0
MongoCatalogItemsRepository,MongoDBProperties,0.0
MongoCatalogItemsRepository,CatalogController,0.5
MongoCatalogItemsRepository,CatalogItem,1.0
OrderEventInfo,DealerController,0.0
OrderEventInfo,OrderUpdateInfo,0.5
OrderEventInfo,Order,0.3333333333333333
OrderEventInfo,ShipmentDetails,0.0
OrderEventInfo,DeliveryAddress,0.0
OrderEventInfo,OrderingServiceProperties,0.25
OrderEventInfo,OrderingInitializer,0.3333333333333333
OrderEventInfo,ShipmentEventInfo,0.5
OrderEventInfo,MongoShipmentRepository,0.0
OrderEventInfo,OrderController,0.3333333333333333
OrderEventInfo,ShipmentController,0.0
OrderEventInfo,Repositories,0.0
OrderEventInfo,QuoteRepository,0.0
OrderEventInfo,ShipmentRepository,0.0
OrderEventInfo,MongoOperationsWithRetry,0.0
OrderEventInfo,BadRequestException,0.0
OrderEventInfo,OrderStatus,0.25
OrderEventInfo,AppInsightsFilter,0.0
OrderEventInfo,DealersRepository,0.0
OrderEventInfo,Quote,0.0
OrderEventInfo,OrderRepository,0.3333333333333333
OrderEventInfo,PingController,0.0
OrderEventInfo,PropertyHelper,0.0
OrderEventInfo,PhoneInfo,0.25
OrderEventInfo,MongoQuoteRepository,0.0
OrderEventInfo,RepositoryFactory,0.0
OrderEventInfo,OrderingConfiguration,0.25
OrderEventInfo,TestPath,0.0
OrderEventInfo,QuoteController,0.0
OrderEventInfo,QuoteDetails,0.0
OrderEventInfo,ShipmentRecord,0.0
OrderEventInfo,MongoDealersRepository,0.0
OrderEventInfo,Delivery,0.0
OrderEventInfo,Utility,0.0
OrderEventInfo,CatalogItemsRepository,0.0
OrderEventInfo,Dealer,0.0
OrderEventInfo,OrderDetails,0.25
OrderEventInfo,MongoDBProperties,0.0
OrderEventInfo,CatalogController,0.0
OrderEventInfo,CatalogItem,0.0
DealerController,OrderUpdateInfo,0.0
DealerController,Order,0.0
DealerController,ShipmentDetails,0.0
DealerController,DeliveryAddress,0.0
DealerController,OrderingServiceProperties,0.0
DealerController,OrderingInitializer,0.0
DealerController,ShipmentEventInfo,0.0
DealerController,MongoShipmentRepository,0.0
DealerController,OrderController,0.0
DealerController,ShipmentController,0.0
DealerController,Repositories,0.0
DealerController,QuoteRepository,0.0
DealerController,ShipmentRepository,0.0
DealerController,MongoOperationsWithRetry,0.0
DealerController,BadRequestException,0.0
DealerController,OrderStatus,0.0
DealerController,AppInsightsFilter,0.0
DealerController,DealersRepository,1.0
DealerController,Quote,0.0
DealerController,OrderRepository,0.0
DealerController,PingController,0.0
DealerController,PropertyHelper,0.0
DealerController,PhoneInfo,0.0
DealerController,MongoQuoteRepository,0.0
DealerController,RepositoryFactory,0.0
DealerController,OrderingConfiguration,0.0
DealerController,TestPath,0.0
DealerController,QuoteController,0.0
DealerController,QuoteDetails,0.0
DealerController,ShipmentRecord,0.0
DealerController,MongoDealersRepository,1.0
DealerController,Delivery,0.0
DealerController,Utility,0.0
DealerController,CatalogItemsRepository,0.0
DealerController,Dealer,1.0
DealerController,OrderDetails,0.0
DealerController,MongoDBProperties,0.0
DealerController,CatalogController,0.0
DealerController,CatalogItem,0.0
OrderUpdateInfo,Order,0.3333333333333333
OrderUpdateInfo,ShipmentDetails,0.0
OrderUpdateInfo,DeliveryAddress,0.0
OrderUpdateInfo,OrderingServiceProperties,0.25
OrderUpdateInfo,OrderingInitializer,0.3333333333333333
OrderUpdateInfo,ShipmentEventInfo,0.2
OrderUpdateInfo,MongoShipmentRepository,0.0
OrderUpdateInfo,OrderController,0.3333333333333333
OrderUpdateInfo,ShipmentController,0.0
OrderUpdateInfo,Repositories,0.0
OrderUpdateInfo,QuoteRepository,0.0
OrderUpdateInfo,ShipmentRepository,0.0
OrderUpdateInfo,MongoOperationsWithRetry,0.0
OrderUpdateInfo,BadRequestException,0.0
OrderUpdateInfo,OrderStatus,0.25
OrderUpdateInfo,AppInsightsFilter,0.0
OrderUpdateInfo,DealersRepository,0.0
OrderUpdateInfo,Quote,0.0
OrderUpdateInfo,OrderRepository,0.3333333333333333
OrderUpdateInfo,PingController,0.0
OrderUpdateInfo,PropertyHelper,0.0
OrderUpdateInfo,PhoneInfo,0.25
OrderUpdateInfo,MongoQuoteRepository,0.0
OrderUpdateInfo,RepositoryFactory,0.0
OrderUpdateInfo,OrderingConfiguration,0.25
OrderUpdateInfo,TestPath,0.0
OrderUpdateInfo,QuoteController,0.0
OrderUpdateInfo,QuoteDetails,0.0
OrderUpdateInfo,ShipmentRecord,0.0
OrderUpdateInfo,MongoDealersRepository,0.0
OrderUpdateInfo,Delivery,0.0
OrderUpdateInfo,Utility,0.0
OrderUpdateInfo,CatalogItemsRepository,0.0
OrderUpdateInfo,Dealer,0.0
OrderUpdateInfo,OrderDetails,0.25
OrderUpdateInfo,MongoDBProperties,0.0
OrderUpdateInfo,CatalogController,0.0
OrderUpdateInfo,CatalogItem,0.0
Order,ShipmentDetails,0.0
Order,DeliveryAddress,0.0
Order,OrderingServiceProperties,0.5
Order,OrderingInitializer,1.0
Order,ShipmentEventInfo,0.0
Order,MongoShipmentRepository,0.0
Order,OrderController,1.0
Order,ShipmentController,0.0
Order,Repositories,0.0
Order,QuoteRepository,0.0
Order,ShipmentRepository,0.0
Order,MongoOperationsWithRetry,0.0
Order,BadRequestException,0.0
Order,OrderStatus,0.5
Order,AppInsightsFilter,0.0
Order,DealersRepository,0.0
Order,Quote,0.0
Order,OrderRepository,1.0
Order,PingController,0.0
Order,PropertyHelper,0.0
Order,PhoneInfo,0.0
Order,MongoQuoteRepository,0.0
Order,RepositoryFactory,0.0
Order,OrderingConfiguration,0.5
Order,TestPath,0.0
Order,QuoteController,0.0
Order,QuoteDetails,0.0
Order,ShipmentRecord,0.0
Order,MongoDealersRepository,0.0
Order,Delivery,0.0
Order,Utility,0.0
Order,CatalogItemsRepository,0.0
Order,Dealer,0.0
Order,OrderDetails,0.5
Order,MongoDBProperties,0.0
Order,CatalogController,0.0
Order,CatalogItem,0.0
ShipmentDetails,DeliveryAddress,0.0
ShipmentDetails,OrderingServiceProperties,0.0
ShipmentDetails,OrderingInitializer,0.0
ShipmentDetails,ShipmentEventInfo,0.25
ShipmentDetails,MongoShipmentRepository,0.5
ShipmentDetails,OrderController,0.0
ShipmentDetails,ShipmentController,0.5
ShipmentDetails,Repositories,0.0
ShipmentDetails,QuoteRepository,0.0
ShipmentDetails,ShipmentRepository,0.5
ShipmentDetails,MongoOperationsWithRetry,0.0
ShipmentDetails,BadRequestException,0.0
ShipmentDetails,OrderStatus,0.0
ShipmentDetails,AppInsightsFilter,0.0
ShipmentDetails,DealersRepository,0.0
ShipmentDetails,Quote,0.0
ShipmentDetails,OrderRepository,0.0
ShipmentDetails,PingController,0.0
ShipmentDetails,PropertyHelper,0.0
ShipmentDetails,PhoneInfo,0.0
ShipmentDetails,MongoQuoteRepository,0.0
ShipmentDetails,RepositoryFactory,0.0
ShipmentDetails,OrderingConfiguration,0.0
ShipmentDetails,TestPath,0.0
ShipmentDetails,QuoteController,0.0
ShipmentDetails,QuoteDetails,0.3333333333333333
ShipmentDetails,ShipmentRecord,0.3333333333333333
ShipmentDetails,MongoDealersRepository,0.0
ShipmentDetails,Delivery,0.0
ShipmentDetails,Utility,0.0
ShipmentDetails,CatalogItemsRepository,0.0
ShipmentDetails,Dealer,0.0
ShipmentDetails,OrderDetails,0.3333333333333333
ShipmentDetails,MongoDBProperties,0.0
ShipmentDetails,CatalogController,0.0
ShipmentDetails,CatalogItem,0.0
DeliveryAddress,OrderingServiceProperties,0.0
DeliveryAddress,OrderingInitializer,0.0
DeliveryAddress,ShipmentEventInfo,0.0
DeliveryAddress,MongoShipmentRepository,0.0
DeliveryAddress,OrderController,0.0
DeliveryAddress,ShipmentController,0.0
DeliveryAddress,Repositories,0.0
DeliveryAddress,QuoteRepository,0.0
DeliveryAddress,ShipmentRepository,0.0
DeliveryAddress,MongoOperationsWithRetry,0.0
DeliveryAddress,BadRequestException,0.0
DeliveryAddress,OrderStatus,0.0
DeliveryAddress,AppInsightsFilter,0.0
DeliveryAddress,DealersRepository,0.0
DeliveryAddress,Quote,0.0
DeliveryAddress,OrderRepository,0.0
DeliveryAddress,PingController,0.0
DeliveryAddress,PropertyHelper,0.0
DeliveryAddress,PhoneInfo,0.0
DeliveryAddress,MongoQuoteRepository,0.0
DeliveryAddress,RepositoryFactory,0.0
DeliveryAddress,OrderingConfiguration,0.0
DeliveryAddress,TestPath,0.0
DeliveryAddress,QuoteController,0.0
DeliveryAddress,QuoteDetails,0.0
DeliveryAddress,ShipmentRecord,0.0
DeliveryAddress,MongoDealersRepository,0.0
DeliveryAddress,Delivery,0.5
DeliveryAddress,Utility,0.0
DeliveryAddress,CatalogItemsRepository,0.0
DeliveryAddress,Dealer,0.0
DeliveryAddress,OrderDetails,0.0
DeliveryAddress,MongoDBProperties,0.0
DeliveryAddress,CatalogController,0.0
DeliveryAddress,CatalogItem,0.0
OrderingServiceProperties,OrderingInitializer,0.5
OrderingServiceProperties,ShipmentEventInfo,0.0
OrderingServiceProperties,MongoShipmentRepository,0.0
OrderingServiceProperties,OrderController,0.5
OrderingServiceProperties,ShipmentController,0.0
OrderingServiceProperties,Repositories,0.0
OrderingServiceProperties,QuoteRepository,0.0
OrderingServiceProperties,ShipmentRepository,0.0
OrderingServiceProperties,MongoOperationsWithRetry,0.0
OrderingServiceProperties,BadRequestException,0.0
OrderingServiceProperties,OrderStatus,0.3333333333333333
OrderingServiceProperties,AppInsightsFilter,0.0
OrderingServiceProperties,DealersRepository,0.0
OrderingServiceProperties,Quote,0.0
OrderingServiceProperties,OrderRepository,0.5
OrderingServiceProperties,PingController,0.0
OrderingServiceProperties,PropertyHelper,0.0
OrderingServiceProperties,PhoneInfo,0.0
OrderingServiceProperties,MongoQuoteRepository,0.0
OrderingServiceProperties,RepositoryFactory,0.0
OrderingServiceProperties,OrderingConfiguration,0.3333333333333333
OrderingServiceProperties,TestPath,0.0
OrderingServiceProperties,QuoteController,0.0
OrderingServiceProperties,QuoteDetails,0.0
OrderingServiceProperties,ShipmentRecord,0.0
OrderingServiceProperties,MongoDealersRepository,0.0
OrderingServiceProperties,Delivery,0.0
OrderingServiceProperties,Utility,0.0
OrderingServiceProperties,CatalogItemsRepository,0.0
OrderingServiceProperties,Dealer,0.0
OrderingServiceProperties,OrderDetails,0.3333333333333333
OrderingServiceProperties,MongoDBProperties,0.5
OrderingServiceProperties,CatalogController,0.0
OrderingServiceProperties,CatalogItem,0.0
OrderingInitializer,ShipmentEventInfo,0.0
OrderingInitializer,MongoShipmentRepository,0.0
OrderingInitializer,OrderController,1.0
OrderingInitializer,ShipmentController,0.0
OrderingInitializer,Repositories,0.0
OrderingInitializer,QuoteRepository,0.0
OrderingInitializer,ShipmentRepository,0.0
OrderingInitializer,MongoOperationsWithRetry,0.0
OrderingInitializer,BadRequestException,0.0
OrderingInitializer,OrderStatus,0.5
OrderingInitializer,AppInsightsFilter,0.0
OrderingInitializer,DealersRepository,0.0
OrderingInitializer,Quote,0.0
OrderingInitializer,OrderRepository,1.0
OrderingInitializer,PingController,0.0
OrderingInitializer,PropertyHelper,0.0
OrderingInitializer,PhoneInfo,0.0
OrderingInitializer,MongoQuoteRepository,0.0
OrderingInitializer,RepositoryFactory,0.0
OrderingInitializer,OrderingConfiguration,0.5
OrderingInitializer,TestPath,0.0
OrderingInitializer,QuoteController,0.0
OrderingInitializer,QuoteDetails,0.0
OrderingInitializer,ShipmentRecord,0.0
OrderingInitializer,MongoDealersRepository,0.0
OrderingInitializer,Delivery,0.0
OrderingInitializer,Utility,0.0
OrderingInitializer,CatalogItemsRepository,0.0
OrderingInitializer,Dealer,0.0
OrderingInitializer,OrderDetails,0.5
OrderingInitializer,MongoDBProperties,0.0
OrderingInitializer,CatalogController,0.0
OrderingInitializer,CatalogItem,0.0
ShipmentEventInfo,MongoShipmentRepository,0.3333333333333333
ShipmentEventInfo,OrderController,0.0
ShipmentEventInfo,ShipmentController,0.3333333333333333
ShipmentEventInfo,Repositories,0.0
ShipmentEventInfo,QuoteRepository,0.0
ShipmentEventInfo,ShipmentRepository,0.3333333333333333
ShipmentEventInfo,MongoOperationsWithRetry,0.0
ShipmentEventInfo,BadRequestException,0.0
ShipmentEventInfo,OrderStatus,0.0
ShipmentEventInfo,AppInsightsFilter,0.0
ShipmentEventInfo,DealersRepository,0.0
ShipmentEventInfo,Quote,0.0
ShipmentEventInfo,OrderRepository,0.0
ShipmentEventInfo,PingController,0.0
ShipmentEventInfo,PropertyHelper,0.0
ShipmentEventInfo,PhoneInfo,0.25
ShipmentEventInfo,MongoQuoteRepository,0.0
ShipmentEventInfo,RepositoryFactory,0.0
ShipmentEventInfo,OrderingConfiguration,0.0
ShipmentEventInfo,TestPath,0.0
ShipmentEventInfo,QuoteController,0.0
ShipmentEventInfo,QuoteDetails,0.0
ShipmentEventInfo,ShipmentRecord,0.25
ShipmentEventInfo,MongoDealersRepository,0.0
ShipmentEventInfo,Delivery,0.0
ShipmentEventInfo,Utility,0.0
ShipmentEventInfo,CatalogItemsRepository,0.0
ShipmentEventInfo,Dealer,0.0
ShipmentEventInfo,OrderDetails,0.0
ShipmentEventInfo,MongoDBProperties,0.0
ShipmentEventInfo,CatalogController,0.0
ShipmentEventInfo,CatalogItem,0.0
MongoShipmentRepository,OrderController,0.0
MongoShipmentRepository,ShipmentController,1.0
MongoShipmentRepository,Repositories,0.0
MongoShipmentRepository,QuoteRepository,0.0
MongoShipmentRepository,ShipmentRepository,1.0
MongoShipmentRepository,MongoOperationsWithRetry,0.0
MongoShipmentRepository,BadRequestException,0.0
MongoShipmentRepository,OrderStatus,0.0
MongoShipmentRepository,AppInsightsFilter,0.0
MongoShipmentRepository,DealersRepository,0.0
MongoShipmentRepository,Quote,0.0
MongoShipmentRepository,OrderRepository,0.0
MongoShipmentRepository,PingController,0.0
MongoShipmentRepository,PropertyHelper,0.0
MongoShipmentRepository,PhoneInfo,0.0
MongoShipmentRepository,MongoQuoteRepository,0.0
MongoShipmentRepository,RepositoryFactory,0.0
MongoShipmentRepository,OrderingConfiguration,0.0
MongoShipmentRepository,TestPath,0.0
MongoShipmentRepository,QuoteController,0.0
MongoShipmentRepository,QuoteDetails,0.0
MongoShipmentRepository,ShipmentRecord,0.5
MongoShipmentRepository,MongoDealersRepository,0.0
MongoShipmentRepository,Delivery,0.0
MongoShipmentRepository,Utility,0.0
MongoShipmentRepository,CatalogItemsRepository,0.0
MongoShipmentRepository,Dealer,0.0
MongoShipmentRepository,OrderDetails,0.0
MongoShipmentRepository,MongoDBProperties,0.0
MongoShipmentRepository,CatalogController,0.0
MongoShipmentRepository,CatalogItem,0.0
OrderController,ShipmentController,0.0
OrderController,Repositories,0.0
OrderController,QuoteRepository,0.0
OrderController,ShipmentRepository,0.0
OrderController,MongoOperationsWithRetry,0.0
OrderController,BadRequestException,0.0
OrderController,OrderStatus,0.5
OrderController,AppInsightsFilter,0.0
OrderController,DealersRepository,0.0
OrderController,Quote,0.0
OrderController,OrderRepository,1.0
OrderController,PingController,0.0
OrderController,PropertyHelper,0.0
OrderController,PhoneInfo,0.0
OrderController,MongoQuoteRepository,0.0
OrderController,RepositoryFactory,0.0
OrderController,OrderingConfiguration,0.5
OrderController,TestPath,0.0
OrderController,QuoteController,0.0
OrderController,QuoteDetails,0.0
OrderController,ShipmentRecord,0.0
OrderController,MongoDealersRepository,0.0
OrderController,Delivery,0.0
OrderController,Utility,0.0
OrderController,CatalogItemsRepository,0.0
OrderController,Dealer,0.0
OrderController,OrderDetails,0.5
OrderController,MongoDBProperties,0.0
OrderController,CatalogController,0.0
OrderController,CatalogItem,0.0
ShipmentController,Repositories,0.0
ShipmentController,QuoteRepository,0.0
ShipmentController,ShipmentRepository,1.0
ShipmentController,MongoOperationsWithRetry,0.0
ShipmentController,BadRequestException,0.0
ShipmentController,OrderStatus,0.0
ShipmentController,AppInsightsFilter,0.0
ShipmentController,DealersRepository,0.0
ShipmentController,Quote,0.0
ShipmentController,OrderRepository,0.0
ShipmentController,PingController,0.0
ShipmentController,PropertyHelper,0.0
ShipmentController,PhoneInfo,0.0
ShipmentController,MongoQuoteRepository,0.0
ShipmentController,RepositoryFactory,0.0
ShipmentController,OrderingConfiguration,0.0
ShipmentController,TestPath,0.0
ShipmentController,QuoteController,0.0
ShipmentController,QuoteDetails,0.0
ShipmentController,ShipmentRecord,0.5
ShipmentController,MongoDealersRepository,0.0
ShipmentController,Delivery,0.0
ShipmentController,Utility,0.0
ShipmentController,CatalogItemsRepository,0.0
ShipmentController,Dealer,0.0
ShipmentController,OrderDetails,0.0
ShipmentController,MongoDBProperties,0.0
ShipmentController,CatalogController,0.0
ShipmentController,CatalogItem,0.0
Repositories,QuoteRepository,0.0
Repositories,ShipmentRepository,0.0
Repositories,MongoOperationsWithRetry,0.0
Repositories,BadRequestException,0.0
Repositories,OrderStatus,0.0
Repositories,AppInsightsFilter,0.0
Repositories,DealersRepository,0.0
Repositories,Quote,0.0
Repositories,OrderRepository,0.0
Repositories,PingController,0.0
Repositories,PropertyHelper,0.0
Repositories,PhoneInfo,0.0
Repositories,MongoQuoteRepository,0.0
Repositories,RepositoryFactory,0.0
Repositories,OrderingConfiguration,0.0
Repositories,TestPath,0.0
Repositories,QuoteController,0.0
Repositories,QuoteDetails,0.0
Repositories,ShipmentRecord,0.0
Repositories,MongoDealersRepository,0.0
Repositories,Delivery,0.0
Repositories,Utility,0.0
Repositories,CatalogItemsRepository,0.0
Repositories,Dealer,0.0
Repositories,OrderDetails,0.0
Repositories,MongoDBProperties,0.0
Repositories,CatalogController,0.0
Repositories,CatalogItem,0.0
QuoteRepository,ShipmentRepository,0.0
QuoteRepository,MongoOperationsWithRetry,0.0
QuoteRepository,BadRequestException,0.0
QuoteRepository,OrderStatus,0.0
QuoteRepository,AppInsightsFilter,0.0
QuoteRepository,DealersRepository,0.0
QuoteRepository,Quote,1.0
QuoteRepository,OrderRepository,0.0
QuoteRepository,PingController,0.0
QuoteRepository,PropertyHelper,0.0
QuoteRepository,PhoneInfo,0.0
QuoteRepository,MongoQuoteRepository,1.0
QuoteRepository,RepositoryFactory,0.0
QuoteRepository,OrderingConfiguration,0.0
QuoteRepository,TestPath,0.0
QuoteRepository,QuoteController,1.0
QuoteRepository,QuoteDetails,0.5
QuoteRepository,ShipmentRecord,0.0
QuoteRepository,MongoDealersRepository,0.0
QuoteRepository,Delivery,0.0
QuoteRepository,Utility,0.0
QuoteRepository,CatalogItemsRepository,0.0
QuoteRepository,Dealer,0.0
QuoteRepository,OrderDetails,0.0
QuoteRepository,MongoDBProperties,0.0
QuoteRepository,CatalogController,0.0
QuoteRepository,CatalogItem,0.0
ShipmentRepository,MongoOperationsWithRetry,0.0
ShipmentRepository,BadRequestException,0.0
ShipmentRepository,OrderStatus,0.0
ShipmentRepository,AppInsightsFilter,0.0
ShipmentRepository,DealersRepository,0.0
ShipmentRepository,Quote,0.0
ShipmentRepository,OrderRepository,0.0
ShipmentRepository,PingController,0.0
ShipmentRepository,PropertyHelper,0.0
ShipmentRepository,PhoneInfo,0.0
ShipmentRepository,MongoQuoteRepository,0.0
ShipmentRepository,RepositoryFactory,0.0
ShipmentRepository,OrderingConfiguration,0.0
ShipmentRepository,TestPath,0.0
ShipmentRepository,QuoteController,0.0
ShipmentRepository,QuoteDetails,0.0
ShipmentRepository,ShipmentRecord,0.5
ShipmentRepository,MongoDealersRepository,0.0
ShipmentRepository,Delivery,0.0
ShipmentRepository,Utility,0.0
ShipmentRepository,CatalogItemsRepository,0.0
ShipmentRepository,Dealer,0.0
ShipmentRepository,OrderDetails,0.0
ShipmentRepository,MongoDBProperties,0.0
ShipmentRepository,CatalogController,0.0
ShipmentRepository,CatalogItem,0.0
MongoOperationsWithRetry,BadRequestException,0.0
MongoOperationsWithRetry,OrderStatus,0.0
MongoOperationsWithRetry,AppInsightsFilter,0.0
MongoOperationsWithRetry,DealersRepository,0.0
MongoOperationsWithRetry,Quote,0.0
MongoOperationsWithRetry,OrderRepository,0.0
MongoOperationsWithRetry,PingController,0.0
MongoOperationsWithRetry,PropertyHelper,0.0
MongoOperationsWithRetry,PhoneInfo,0.0
MongoOperationsWithRetry,MongoQuoteRepository,0.0
MongoOperationsWithRetry,RepositoryFactory,0.0
MongoOperationsWithRetry,OrderingConfiguration,0.0
MongoOperationsWithRetry,TestPath,0.0
MongoOperationsWithRetry,QuoteController,0.0
MongoOperationsWithRetry,QuoteDetails,0.0
MongoOperationsWithRetry,ShipmentRecord,0.0
MongoOperationsWithRetry,MongoDealersRepository,0.0
MongoOperationsWithRetry,Delivery,0.0
MongoOperationsWithRetry,Utility,0.0
MongoOperationsWithRetry,CatalogItemsRepository,0.0
MongoOperationsWithRetry,Dealer,0.0
MongoOperationsWithRetry,OrderDetails,0.0
MongoOperationsWithRetry,MongoDBProperties,0.0
MongoOperationsWithRetry,CatalogController,0.0
MongoOperationsWithRetry,CatalogItem,0.0
BadRequestException,OrderStatus,0.0
BadRequestException,AppInsightsFilter,0.0
BadRequestException,DealersRepository,0.0
BadRequestException,Quote,0.0
BadRequestException,OrderRepository,0.0
BadRequestException,PingController,0.0
BadRequestException,PropertyHelper,0.0
BadRequestException,PhoneInfo,0.0
BadRequestException,MongoQuoteRepository,0.0
BadRequestException,RepositoryFactory,0.0
BadRequestException,OrderingConfiguration,0.0
BadRequestException,TestPath,0.0
BadRequestException,QuoteController,0.0
BadRequestException,QuoteDetails,0.0
BadRequestException,ShipmentRecord,0.0
BadRequestException,MongoDealersRepository,0.0
BadRequestException,Delivery,0.0
BadRequestException,Utility,0.0
BadRequestException,CatalogItemsRepository,0.0
BadRequestException,Dealer,0.0
BadRequestException,OrderDetails,0.0
BadRequestException,MongoDBProperties,0.0
BadRequestException,CatalogController,0.0
BadRequestException,CatalogItem,0.0
OrderStatus,AppInsightsFilter,0.0
OrderStatus,DealersRepository,0.0
OrderStatus,Quote,0.0
OrderStatus,OrderRepository,0.5
OrderStatus,PingController,0.0
OrderStatus,PropertyHelper,0.0
OrderStatus,PhoneInfo,0.0
OrderStatus,MongoQuoteRepository,0.0
OrderStatus,RepositoryFactory,0.0
OrderStatus,OrderingConfiguration,0.3333333333333333
OrderStatus,TestPath,0.0
OrderStatus,QuoteController,0.0
OrderStatus,QuoteDetails,0.0
OrderStatus,ShipmentRecord,0.0
OrderStatus,MongoDealersRepository,0.0
OrderStatus,Delivery,0.0
OrderStatus,Utility,0.0
OrderStatus,CatalogItemsRepository,0.0
OrderStatus,Dealer,0.0
OrderStatus,OrderDetails,0.3333333333333333
OrderStatus,MongoDBProperties,0.0
OrderStatus,CatalogController,0.0
OrderStatus,CatalogItem,0.0
AppInsightsFilter,DealersRepository,0.0
AppInsightsFilter,Quote,0.0
AppInsightsFilter,OrderRepository,0.0
AppInsightsFilter,PingController,0.0
AppInsightsFilter,PropertyHelper,0.0
AppInsightsFilter,PhoneInfo,0.0
AppInsightsFilter,MongoQuoteRepository,0.0
AppInsightsFilter,RepositoryFactory,0.0
AppInsightsFilter,OrderingConfiguration,0.0
AppInsightsFilter,TestPath,0.0
AppInsightsFilter,QuoteController,0.0
AppInsightsFilter,QuoteDetails,0.0
AppInsightsFilter,ShipmentRecord,0.0
AppInsightsFilter,MongoDealersRepository,0.0
AppInsightsFilter,Delivery,0.0
AppInsightsFilter,Utility,0.0
AppInsightsFilter,CatalogItemsRepository,0.0
AppInsightsFilter,Dealer,0.0
AppInsightsFilter,OrderDetails,0.0
AppInsightsFilter,MongoDBProperties,0.0
AppInsightsFilter,CatalogController,0.0
AppInsightsFilter,CatalogItem,0.0
DealersRepository,Quote,0.0
DealersRepository,OrderRepository,0.0
DealersRepository,PingController,0.0
DealersRepository,PropertyHelper,0.0
DealersRepository,PhoneInfo,0.0
DealersRepository,MongoQuoteRepository,0.0
DealersRepository,RepositoryFactory,0.0
DealersRepository,OrderingConfiguration,0.0
DealersRepository,TestPath,0.0
DealersRepository,QuoteController,0.0
DealersRepository,QuoteDetails,0.0
DealersRepository,ShipmentRecord,0.0
DealersRepository,MongoDealersRepository,1.0
DealersRepository,Delivery,0.0
DealersRepository,Utility,0.0
DealersRepository,CatalogItemsRepository,0.0
DealersRepository,Dealer,1.0
DealersRepository,OrderDetails,0.0
DealersRepository,MongoDBProperties,0.0
DealersRepository,CatalogController,0.0
DealersRepository,CatalogItem,0.0
Quote,OrderRepository,0.0
Quote,PingController,0.0
Quote,PropertyHelper,0.0
Quote,PhoneInfo,0.0
Quote,MongoQuoteRepository,1.0
Quote,RepositoryFactory,0.0
Quote,OrderingConfiguration,0.0
Quote,TestPath,0.0
Quote,QuoteController,1.0
Quote,QuoteDetails,0.5
Quote,ShipmentRecord,0.0
Quote,MongoDealersRepository,0.0
Quote,Delivery,0.0
Quote,Utility,0.0
Quote,CatalogItemsRepository,0.0
Quote,Dealer,0.0
Quote,OrderDetails,0.0
Quote,MongoDBProperties,0.0
Quote,CatalogController,0.0
Quote,CatalogItem,0.0
OrderRepository,PingController,0.0
OrderRepository,PropertyHelper,0.0
OrderRepository,PhoneInfo,0.0
OrderRepository,MongoQuoteRepository,0.0
OrderRepository,RepositoryFactory,0.0
OrderRepository,OrderingConfiguration,0.5
OrderRepository,TestPath,0.0
OrderRepository,QuoteController,0.0
OrderRepository,QuoteDetails,0.0
OrderRepository,ShipmentRecord,0.0
OrderRepository,MongoDealersRepository,0.0
OrderRepository,Delivery,0.0
OrderRepository,Utility,0.0
OrderRepository,CatalogItemsRepository,0.0
OrderRepository,Dealer,0.0
OrderRepository,OrderDetails,0.5
OrderRepository,MongoDBProperties,0.0
OrderRepository,CatalogController,0.0
OrderRepository,CatalogItem,0.0
PingController,PropertyHelper,0.0
PingController,PhoneInfo,0.0
PingController,MongoQuoteRepository,0.0
PingController,RepositoryFactory,0
PingController,OrderingConfiguration,0.0
PingController,TestPath,0.0
PingController,QuoteController,0.0
PingController,QuoteDetails,0.0
PingController,ShipmentRecord,0.0
PingController,MongoDealersRepository,0.0
PingController,Delivery,0.0
PingController,Utility,0.0
PingController,CatalogItemsRepository,0.0
PingController,Dealer,0.0
PingController,OrderDetails,0.0
PingController,MongoDBProperties,0.0
PingController,CatalogController,0.0
PingController,CatalogItem,0.0
PropertyHelper,PhoneInfo,0.0
PropertyHelper,MongoQuoteRepository,0.0
PropertyHelper,RepositoryFactory,0.0
PropertyHelper,OrderingConfiguration,0.0
PropertyHelper,TestPath,0.0
PropertyHelper,QuoteController,0.0
PropertyHelper,QuoteDetails,0.0
PropertyHelper,ShipmentRecord,0.0
PropertyHelper,MongoDealersRepository,0.0
PropertyHelper,Delivery,0.0
PropertyHelper,Utility,0.0
PropertyHelper,CatalogItemsRepository,0.0
PropertyHelper,Dealer,0.0
PropertyHelper,OrderDetails,0.0
PropertyHelper,MongoDBProperties,0.0
PropertyHelper,CatalogController,0.0
PropertyHelper,CatalogItem,0.0
PhoneInfo,MongoQuoteRepository,0.0
PhoneInfo,RepositoryFactory,0.0
PhoneInfo,OrderingConfiguration,0.0
PhoneInfo,TestPath,0.0
PhoneInfo,QuoteController,0.0
PhoneInfo,QuoteDetails,0.0
PhoneInfo,ShipmentRecord,0.0
PhoneInfo,MongoDealersRepository,0.0
PhoneInfo,Delivery,0.0
PhoneInfo,Utility,0.0
PhoneInfo,CatalogItemsRepository,0.0
PhoneInfo,Dealer,0.0
PhoneInfo,OrderDetails,0.0
PhoneInfo,MongoDBProperties,0.0
PhoneInfo,CatalogController,0.0
PhoneInfo,CatalogItem,0.0
MongoQuoteRepository,RepositoryFactory,0.0
MongoQuoteRepository,OrderingConfiguration,0.0
MongoQuoteRepository,TestPath,0.0
MongoQuoteRepository,QuoteController,1.0
MongoQuoteRepository,QuoteDetails,0.5
MongoQuoteRepository,ShipmentRecord,0.0
MongoQuoteRepository,MongoDealersRepository,0.0
MongoQuoteRepository,Delivery,0.0
MongoQuoteRepository,Utility,0.0
MongoQuoteRepository,CatalogItemsRepository,0.0
MongoQuoteRepository,Dealer,0.0
MongoQuoteRepository,OrderDetails,0.0
MongoQuoteRepository,MongoDBProperties,0.0
MongoQuoteRepository,CatalogController,0.0
MongoQuoteRepository,CatalogItem,0.0
RepositoryFactory,OrderingConfiguration,0.0
RepositoryFactory,TestPath,0.0
RepositoryFactory,QuoteController,0.0
RepositoryFactory,QuoteDetails,0.0
RepositoryFactory,ShipmentRecord,0.0
RepositoryFactory,MongoDealersRepository,0.0
RepositoryFactory,Delivery,0.0
RepositoryFactory,Utility,0.0
RepositoryFactory,CatalogItemsRepository,0.0
RepositoryFactory,Dealer,0.0
RepositoryFactory,OrderDetails,0.0
RepositoryFactory,MongoDBProperties,0.0
RepositoryFactory,CatalogController,0.0
RepositoryFactory,CatalogItem,0.0
OrderingConfiguration,TestPath,0.0
OrderingConfiguration,QuoteController,0.0
OrderingConfiguration,QuoteDetails,0.0
OrderingConfiguration,ShipmentRecord,0.0
OrderingConfiguration,MongoDealersRepository,0.0
OrderingConfiguration,Delivery,0.0
OrderingConfiguration,Utility,0.0
OrderingConfiguration,CatalogItemsRepository,0.0
OrderingConfiguration,Dealer,0.0
OrderingConfiguration,OrderDetails,0.3333333333333333
OrderingConfiguration,MongoDBProperties,0.0
OrderingConfiguration,CatalogController,0.0
OrderingConfiguration,CatalogItem,0.0
TestPath,QuoteController,0.0
TestPath,QuoteDetails,0.0
TestPath,ShipmentRecord,0.0
TestPath,MongoDealersRepository,0.0
TestPath,Delivery,0.0
TestPath,Utility,0.0
TestPath,CatalogItemsRepository,0.0
TestPath,Dealer,0.0
TestPath,OrderDetails,0.0
TestPath,MongoDBProperties,0.0
TestPath,CatalogController,0.0
TestPath,CatalogItem,0.0
QuoteController,QuoteDetails,0.5
QuoteController,ShipmentRecord,0.0
QuoteController,MongoDealersRepository,0.0
QuoteController,Delivery,0.0
QuoteController,Utility,0.0
QuoteController,CatalogItemsRepository,0.0
QuoteController,Dealer,0.0
QuoteController,OrderDetails,0.0
QuoteController,MongoDBProperties,0.0
QuoteController,CatalogController,0.0
QuoteController,CatalogItem,0.0
QuoteDetails,ShipmentRecord,0.0
QuoteDetails,MongoDealersRepository,0.0
QuoteDetails,Delivery,0.0
QuoteDetails,Utility,0.0
QuoteDetails,CatalogItemsRepository,0.0
QuoteDetails,Dealer,0.0
QuoteDetails,OrderDetails,0.3333333333333333
QuoteDetails,MongoDBProperties,0.0
QuoteDetails,CatalogController,0.0
QuoteDetails,CatalogItem,0.0
ShipmentRecord,MongoDealersRepository,0.0
ShipmentRecord,Delivery,0.0
ShipmentRecord,Utility,0.0
ShipmentRecord,CatalogItemsRepository,0.0
ShipmentRecord,Dealer,0.0
ShipmentRecord,OrderDetails,0.0
ShipmentRecord,MongoDBProperties,0.0
ShipmentRecord,CatalogController,0.0
ShipmentRecord,CatalogItem,0.0
MongoDealersRepository,Delivery,0.0
MongoDealersRepository,Utility,0.0
MongoDealersRepository,CatalogItemsRepository,0.0
MongoDealersRepository,Dealer,1.0
MongoDealersRepository,OrderDetails,0.0
MongoDealersRepository,MongoDBProperties,0.0
MongoDealersRepository,CatalogController,0.0
MongoDealersRepository,CatalogItem,0.0
Delivery,Utility,0.0
Delivery,CatalogItemsRepository,0.0
Delivery,Dealer,0.0
Delivery,OrderDetails,0.0
Delivery,MongoDBProperties,0.0
Delivery,CatalogController,0.0
Delivery,CatalogItem,0.0
Utility,CatalogItemsRepository,0.0
Utility,Dealer,0.0
Utility,OrderDetails,0.0
Utility,MongoDBProperties,0.0
Utility,CatalogController,0.0
Utility,CatalogItem,0.0
CatalogItemsRepository,Dealer,0.0
CatalogItemsRepository,OrderDetails,0.0
CatalogItemsRepository,MongoDBProperties,0.0
CatalogItemsRepository,CatalogController,0.5
CatalogItemsRepository,CatalogItem,1.0
Dealer,OrderDetails,0.0
Dealer,MongoDBProperties,0.0
Dealer,CatalogController,0.0
Dealer,CatalogItem,0.0
OrderDetails,MongoDBProperties,0.0
OrderDetails,CatalogController,0.0
OrderDetails,CatalogItem,0.0
MongoDBProperties,CatalogController,0.0
MongoDBProperties,CatalogItem,0.0
CatalogController,CatalogItem,0.5
